zone_id,n_stops,centroid_lat,centroid_lon,dominant_suburb,suburb_mix,zone_diameter_km,mean_intra_tt_s,median_intra_tt_s,max_intra_tt_s,tsp_estimate_s,tsp_estimate_min
Z0001,20,-33.875872,151.200095,Glebe,"Glebe(8), Sydney CBD(7), Surry Hills(4), Darlinghurst(1)",0.364,31.1,31.9,60.3,236.4,3.9
Z0002,18,-33.886923,151.282336,Bondi,Bondi(18),0.337,31.8,29.4,62.4,195.7,3.3
Z0003,17,-33.940157,151.253278,Maroubra,"Maroubra(15), Coogee(2)",0.382,31.0,29.8,63.5,222.0,3.7
Z0004,21,-33.872731,151.225953,Darlinghurst,"Darlinghurst(15), Paddington(5), Sydney CBD(1)",0.185,22.3,24.4,41.3,157.9,2.6
Z0005,20,-33.886844,151.231264,Paddington,"Paddington(16), Darlinghurst(3), Sydney CBD(1)",0.241,18.7,16.4,42.3,191.1,3.2
Z0006,22,-33.890604,151.19192,Glebe,"Glebe(10), Surry Hills(7), Alexandria(4), Waterloo(1)",0.296,23.8,25.1,57.7,221.3,3.7
Z0007,20,-33.871218,151.255158,Rose Bay,"Rose Bay(12), Double Bay(6), Paddington(1), Bondi(1)",0.555,48.7,45.9,98.0,332.6,5.5
Z0008,22,-33.949594,151.246578,Maroubra,Maroubra(22),0.374,27.0,27.2,51.6,232.9,3.9
Z0009,23,-33.860577,151.205735,Sydney CBD,"Sydney CBD(22), Darlinghurst(1)",0.537,40.9,39.7,93.3,329.0,5.5
Z0010,21,-33.916696,151.255249,Coogee,Coogee(21),0.341,30.1,32.0,60.6,218.6,3.6
Z0011,21,-33.892489,151.207297,Surry Hills,"Surry Hills(11), Waterloo(9), Darlinghurst(1)",0.264,19.8,18.3,45.4,188.9,3.1
Z0012,20,-33.896419,151.193855,Alexandria,"Alexandria(11), Surry Hills(5), Waterloo(4)",0.212,23.3,23.6,39.9,165.9,2.8
Z0013,23,-33.905745,151.198766,Alexandria,"Alexandria(14), Waterloo(9)",0.291,23.2,23.4,41.9,181.5,3.0
Z0014,23,-33.961637,151.263081,Maroubra,Maroubra(23),0.858,63.7,58.0,155.2,553.6,9.2
Z0015,16,-33.897238,151.275078,Bondi,Bondi(16),0.214,26.0,26.2,47.6,155.5,2.6
Z0016,18,-33.876401,151.27868,Rose Bay,"Rose Bay(10), Bondi(8)",0.419,37.3,39.7,76.8,290.0,4.8
Z0017,25,-33.863491,151.219863,Sydney CBD,"Sydney CBD(13), Darlinghurst(11), Paddington(1)",0.304,32.8,36.7,58.8,306.3,5.1
Z0018,22,-33.891838,151.228702,Paddington,"Paddington(18), Surry Hills(4)",0.285,27.4,28.4,53.1,204.2,3.4
Z0019,15,-33.928541,151.268074,Coogee,"Coogee(13), Maroubra(2)",0.514,50.2,47.7,94.1,303.1,5.1
Z0020,17,-33.84169,151.222821,Sydney CBD,Sydney CBD(17),1.207,119.8,117.9,265.1,924.3,15.4
Z0021,23,-33.959437,151.23338,Maroubra,Maroubra(23),0.801,67.7,67.8,138.1,498.8,8.3
Z0022,24,-33.872827,151.214046,Darlinghurst,"Darlinghurst(13), Sydney CBD(7), Surry Hills(3), Paddington(1)",0.234,22.6,22.5,41.1,186.2,3.1
Z0023,23,-33.883687,151.269726,Bondi,"Bondi(18), Rose Bay(5)",1.187,107.8,103.1,219.5,523.8,8.7
Z0024,17,-33.880756,151.184797,Glebe,"Glebe(14), Sydney CBD(2), Alexandria(1)",0.214,25.0,23.9,42.4,189.7,3.2
Z0025,20,-33.871517,151.269938,Rose Bay,"Rose Bay(16), Bondi(4)",0.323,38.5,40.4,59.2,224.1,3.7
Z0026,24,-33.885423,151.246276,Double Bay,"Double Bay(12), Paddington(11), Rose Bay(1)",0.634,40.7,35.7,110.0,358.2,6.0
Z0027,16,-33.911553,151.189611,Alexandria,"Alexandria(15), Waterloo(1)",0.776,35.9,20.7,125.7,300.1,5.0
Z0028,15,-33.888459,151.271695,Bondi,Bondi(15),0.296,27.2,25.1,51.3,149.6,2.5
Z0029,24,-33.951441,151.265489,Maroubra,Maroubra(24),0.483,47.2,48.6,97.0,390.6,6.5
Z0030,19,-33.861677,151.18953,Sydney CBD,"Sydney CBD(16), Glebe(3)",0.422,40.7,38.9,84.2,378.3,6.3
Z0031,18,-33.91381,151.194521,Alexandria,"Alexandria(14), Waterloo(4)",0.311,26.0,26.0,51.3,234.7,3.9
Z0032,25,-33.961126,151.248184,Maroubra,Maroubra(25),0.497,40.8,43.1,94.3,351.8,5.9
Z0033,19,-33.898203,151.281627,Bondi,Bondi(19),0.46,47.5,46.9,96.1,300.5,5.0
Z0034,17,-33.882284,151.205572,Surry Hills,"Surry Hills(12), Sydney CBD(2), Darlinghurst(1), Paddington(1), Glebe(1)",0.164,21.6,21.3,40.0,144.5,2.4
Z0035,18,-33.908434,151.269063,Bondi,"Bondi(12), Coogee(6)",0.743,57.6,54.0,133.4,345.0,5.8
Z0036,18,-33.898036,151.291147,Bondi,Bondi(18),0.758,63.2,63.8,117.6,474.9,7.9
Z0037,25,-33.866718,151.264758,Rose Bay,Rose Bay(25),0.39,32.9,29.6,67.8,270.6,4.5
Z0038,25,-33.939134,151.245531,Maroubra,"Maroubra(24), Coogee(1)",0.494,33.4,31.8,74.2,399.3,6.7
Z0039,17,-33.878063,151.218246,Darlinghurst,"Darlinghurst(14), Sydney CBD(1), Surry Hills(1), Paddington(1)",0.199,18.8,18.8,33.6,122.3,2.0
Z0040,18,-33.888653,151.185149,Glebe,"Glebe(12), Alexandria(5), Surry Hills(1)",0.301,33.9,33.9,66.0,247.1,4.1
Z0041,17,-33.886248,151.197349,Surry Hills,"Surry Hills(7), Glebe(6), Sydney CBD(4)",0.206,17.7,19.0,35.4,158.3,2.6
Z0042,18,-33.887282,151.205492,Surry Hills,"Surry Hills(12), Waterloo(3), Sydney CBD(2), Darlinghurst(1)",0.194,18.6,18.4,34.9,141.0,2.4
Z0043,20,-33.867949,151.275856,Rose Bay,"Rose Bay(19), Bondi(1)",0.451,37.8,37.5,92.2,359.8,6.0
Z0044,25,-33.873391,151.241382,Double Bay,"Double Bay(15), Paddington(7), Sydney CBD(3)",0.328,29.0,29.2,58.0,223.0,3.7
Z0045,15,-33.900242,151.200995,Waterloo,"Waterloo(9), Alexandria(4), Sydney CBD(2)",0.294,24.6,20.3,54.2,160.6,2.7
Z0046,15,-33.955462,151.248081,Maroubra,Maroubra(15),0.277,28.0,29.7,53.8,169.9,2.8
Z0047,20,-33.965616,151.24432,Maroubra,Maroubra(20),0.636,55.0,49.4,119.6,516.8,8.6
Z0048,25,-33.871728,151.180864,Glebe,"Glebe(21), Sydney CBD(4)",0.454,40.6,36.1,85.3,402.9,6.7
Z0049,18,-33.885047,151.231418,Paddington,"Paddington(11), Darlinghurst(4), Sydney CBD(2), Double Bay(1)",0.264,22.3,22.3,44.2,156.2,2.6
Z0050,21,-33.883175,151.223568,Paddington,"Paddington(10), Darlinghurst(5), Sydney CBD(4), Surry Hills(2)",0.126,17.1,16.6,32.2,130.9,2.2
Z0051,18,-33.873823,151.233844,Darlinghurst,"Darlinghurst(7), Paddington(5), Double Bay(4), Sydney CBD(2)",0.25,24.4,25.2,46.7,159.7,2.7
Z0052,15,-33.925668,151.229867,Kensington,Kensington(15),0.401,37.7,37.7,76.7,303.3,5.1
Z0053,15,-33.891544,151.179326,Glebe,"Glebe(10), Alexandria(4), Sydney CBD(1)",0.913,103.0,101.3,234.7,459.1,7.7
Z0054,15,-33.932748,151.258202,Coogee,"Coogee(12), Maroubra(3)",0.362,33.0,34.7,66.8,223.7,3.7
Z0055,15,-33.892621,151.277314,Bondi,Bondi(15),0.321,25.1,22.7,55.6,192.1,3.2
Z0056,24,-33.881218,151.264558,Bondi,"Bondi(12), Rose Bay(9), Double Bay(3)",0.3,32.7,31.1,64.7,302.2,5.0
Z0057,20,-33.888289,151.207507,Surry Hills,"Surry Hills(13), Waterloo(4), Sydney CBD(1), Paddington(1), Glebe(1)",0.197,22.0,23.6,39.1,145.1,2.4
Z0058,19,-33.921617,151.259607,Coogee,"Coogee(18), Maroubra(1)",0.338,29.2,27.3,58.7,241.9,4.0
Z0059,20,-33.879052,151.287843,Bondi,"Bondi(19), Rose Bay(1)",0.872,75.8,78.0,151.4,465.9,7.8
Z0060,17,-33.838978,151.197054,Sydney CBD,Sydney CBD(17),2.401,138.8,123.5,402.5,1260.2,21.0
Z0061,22,-33.879622,151.255535,Double Bay,"Double Bay(13), Rose Bay(7), Sydney CBD(1), Bondi(1)",0.463,31.9,35.1,69.8,243.6,4.1
Z0062,25,-33.919381,151.227863,Kensington,"Kensington(24), Coogee(1)",0.244,28.3,27.3,59.2,225.5,3.8
Z0063,21,-33.869292,151.192689,Glebe,"Glebe(13), Sydney CBD(7), Surry Hills(1)",0.365,36.3,35.9,65.8,336.9,5.6
Z0064,16,-33.904207,151.280775,Bondi,Bondi(16),0.583,47.3,43.3,110.8,268.0,4.5
Z0065,18,-33.911138,151.20716,Waterloo,"Waterloo(12), Surry Hills(2), Kensington(2), Alexandria(2)",0.304,28.4,30.7,57.7,172.8,2.9
Z0066,15,-33.902124,151.261625,Bondi,"Bondi(10), Coogee(5)",0.711,49.6,44.1,127.5,337.1,5.6
Z0067,15,-33.930408,151.246588,Coogee,"Coogee(8), Maroubra(7)",0.399,41.3,38.5,80.3,327.7,5.5
Z0068,21,-33.895275,151.271344,Bondi,Bondi(21),0.299,26.8,27.2,52.9,248.3,4.1
Z0069,25,-33.94651,151.260726,Maroubra,Maroubra(25),0.304,34.8,34.4,69.9,282.6,4.7
Z0070,17,-33.916142,151.262188,Coogee,Coogee(17),0.377,30.0,29.5,65.4,248.7,4.1
Z0071,17,-33.858743,151.176635,Sydney CBD,"Sydney CBD(12), Glebe(5)",1.513,121.1,116.5,251.3,697.7,11.6
Z0072,19,-33.889243,151.212846,Surry Hills,"Surry Hills(9), Waterloo(4), Darlinghurst(3), Paddington(2), Sydney CBD(1)",0.244,18.6,17.1,38.8,144.1,2.4
Z0073,20,-33.906778,151.252109,Coogee,Coogee(20),0.557,50.1,54.1,121.2,361.1,6.0
Z0074,21,-33.874533,151.245602,Double Bay,"Double Bay(19), Darlinghurst(1), Paddington(1)",0.238,24.5,22.4,45.8,197.3,3.3
Z0075,22,-33.89046,151.236113,Paddington,"Paddington(19), Sydney CBD(1), Surry Hills(1), Darlinghurst(1)",0.242,24.4,23.8,56.5,189.5,3.2
Z0076,25,-33.863649,151.20819,Sydney CBD,"Sydney CBD(21), Darlinghurst(4)",0.702,56.4,49.8,109.5,336.0,5.6
Z0077,17,-33.915557,151.258419,Coogee,Coogee(17),0.276,25.9,24.7,55.0,178.4,3.0
Z0078,15,-33.895397,151.200698,Surry Hills,"Surry Hills(7), Waterloo(6), Alexandria(2)",0.196,19.2,19.2,39.7,143.8,2.4
Z0079,17,-33.921091,151.250138,Coogee,Coogee(17),0.34,27.0,25.4,63.3,193.8,3.2
Z0080,22,-33.868749,151.229633,Darlinghurst,"Darlinghurst(9), Paddington(8), Sydney CBD(5)",0.28,25.3,23.3,51.2,236.6,3.9
Z0081,15,-33.95795,151.248672,Maroubra,Maroubra(15),0.224,27.5,29.6,48.4,162.0,2.7
Z0082,18,-33.899975,151.269664,Bondi,Bondi(18),0.414,32.2,27.5,70.5,236.9,3.9
Z0083,25,-33.870421,151.25112,Double Bay,"Double Bay(19), Rose Bay(5), Sydney CBD(1)",0.485,40.9,39.8,84.3,344.0,5.7
Z0084,20,-33.948274,151.24069,Maroubra,Maroubra(20),0.501,42.3,43.5,82.6,262.2,4.4
Z0085,15,-33.923488,151.214805,Kensington,Kensington(15),0.759,57.3,60.6,131.8,440.3,7.3
Z0086,18,-33.916189,151.246093,Coogee,Coogee(18),0.513,37.6,33.3,79.3,260.8,4.3
Z0087,17,-33.872597,151.219336,Darlinghurst,"Darlinghurst(13), Paddington(2), Surry Hills(1), Sydney CBD(1)",0.193,18.4,18.6,40.9,122.8,2.0
Z0088,19,-33.914695,151.268007,Coogee,"Coogee(17), Bondi(2)",0.52,49.4,46.7,90.2,352.7,5.9
Z0089,18,-33.891366,151.28667,Bondi,Bondi(18),0.288,29.8,29.1,54.1,217.4,3.6
Z0090,19,-33.901101,151.184789,Alexandria,"Alexandria(17), Sydney CBD(1), Glebe(1)",0.411,38.5,33.4,84.0,332.3,5.5
Z0091,22,-33.905346,151.196164,Alexandria,"Alexandria(11), Waterloo(10), Surry Hills(1)",0.232,20.3,20.0,47.5,196.2,3.3
Z0092,22,-33.886083,151.188564,Glebe,"Glebe(15), Sydney CBD(4), Alexandria(3)",0.221,22.5,22.0,44.3,170.8,2.8
Z0093,17,-33.897225,151.260636,Bondi,"Bondi(16), Coogee(1)",0.6,46.5,41.2,104.1,367.5,6.1
Z0094,24,-33.913347,151.263003,Coogee,"Coogee(23), Bondi(1)",0.334,39.0,39.9,73.8,273.9,4.6
Z0095,18,-33.900265,151.227535,Kensington,"Kensington(7), Paddington(6), Surry Hills(4), Waterloo(1)",0.547,54.0,57.8,106.9,307.5,5.1
Z0096,23,-33.852364,151.208443,Sydney CBD,Sydney CBD(23),0.612,64.6,74.1,114.5,469.4,7.8
Z0097,18,-33.878421,151.193023,Glebe,"Glebe(10), Sydney CBD(7), Surry Hills(1)",0.263,29.0,30.9,48.3,207.0,3.5
Z0098,25,-33.874984,151.214948,Darlinghurst,"Darlinghurst(10), Sydney CBD(9), Surry Hills(5), Paddington(1)",0.251,25.9,27.6,49.5,196.5,3.3
Z0099,15,-33.863389,151.225314,Sydney CBD,"Sydney CBD(10), Darlinghurst(4), Paddington(1)",0.465,39.6,36.5,82.7,237.3,4.0
Z0100,25,-33.924894,151.219346,Kensington,Kensington(25),0.398,36.7,33.2,83.0,303.5,5.1
Z0101,16,-33.888033,151.259046,Bondi,"Bondi(11), Double Bay(2), Rose Bay(2), Paddington(1)",0.488,48.4,41.7,138.3,305.9,5.1
Z0102,20,-33.965728,151.256978,Maroubra,Maroubra(20),0.72,56.2,60.8,130.5,430.3,7.2
Z0103,16,-33.895685,151.277198,Bondi,Bondi(16),0.239,19.4,18.3,41.5,134.0,2.2
Z0104,21,-33.946111,151.233196,Maroubra,Maroubra(21),0.567,55.3,54.3,120.6,388.1,6.5
Z0105,22,-33.915524,151.274702,Coogee,"Coogee(16), Bondi(6)",0.958,78.7,75.0,219.7,779.4,13.0
Z0106,15,-33.91642,151.190202,Alexandria,Alexandria(15),0.551,51.4,49.5,94.2,301.0,5.0
Z0107,17,-33.86691,151.232519,Darlinghurst,"Darlinghurst(8), Sydney CBD(5), Paddington(3), Surry Hills(1)",0.316,34.4,32.7,62.4,274.9,4.6
Z0108,16,-33.87298,151.172542,Glebe,"Glebe(13), Sydney CBD(3)",1.103,98.5,84.2,226.8,601.0,10.0
Z0109,23,-33.870163,151.263238,Rose Bay,"Rose Bay(22), Bondi(1)",0.332,29.3,28.9,57.7,279.7,4.7
Z0110,18,-33.953644,151.226226,Maroubra,Maroubra(18),1.042,107.9,101.0,231.5,795.3,13.3
Z0111,19,-33.895441,151.186452,Alexandria,"Alexandria(14), Glebe(3), Waterloo(2)",0.335,36.9,37.5,69.2,295.8,4.9
Z0112,19,-33.929156,151.263177,Coogee,"Coogee(16), Maroubra(3)",0.485,43.5,43.3,94.6,373.8,6.2
Z0113,15,-33.883114,151.203355,Surry Hills,"Surry Hills(8), Sydney CBD(4), Waterloo(2), Darlinghurst(1)",0.164,18.4,17.7,41.9,140.6,2.3
Z0114,17,-33.883875,151.182246,Glebe,"Glebe(16), Sydney CBD(1)",0.284,28.1,29.5,56.8,177.2,3.0
Z0115,20,-33.880685,151.208298,Sydney CBD,"Sydney CBD(8), Surry Hills(5), Darlinghurst(5), Paddington(2)",0.176,19.5,18.9,33.6,155.1,2.6
Z0116,18,-33.868147,151.209146,Sydney CBD,"Sydney CBD(10), Darlinghurst(7), Surry Hills(1)",0.344,26.9,24.7,58.5,246.4,4.1
Z0117,17,-33.912695,151.245263,Coogee,"Coogee(15), Maroubra(1), Kensington(1)",0.534,49.8,46.7,93.0,320.0,5.3
Z0118,16,-33.899107,151.201162,Waterloo,"Waterloo(11), Alexandria(3), Surry Hills(2)",0.212,15.6,14.3,39.8,106.8,1.8
Z0119,23,-33.889551,151.274593,Bondi,Bondi(23),0.35,37.3,35.2,70.7,286.7,4.8
Z0120,18,-33.88355,151.233133,Paddington,"Paddington(12), Darlinghurst(4), Double Bay(2)",0.182,19.9,19.5,37.9,148.1,2.5
Z0121,21,-33.961773,151.240534,Maroubra,Maroubra(21),0.573,58.7,58.4,110.8,387.7,6.5
Z0122,19,-33.930301,151.251435,Coogee,"Coogee(15), Maroubra(4)",0.837,75.7,76.2,154.9,354.5,5.9
Z0123,18,-33.965632,151.251042,Maroubra,Maroubra(18),0.614,57.9,61.5,106.6,362.0,6.0
Z0124,23,-33.917318,151.221617,Kensington,Kensington(23),0.347,27.5,27.6,51.9,218.6,3.6
Z0125,22,-33.881449,151.244497,Double Bay,"Double Bay(18), Paddington(3), Darlinghurst(1)",0.325,33.2,33.1,69.3,270.9,4.5
Z0126,18,-33.908492,151.277126,Bondi,Bondi(18),0.693,53.0,44.8,114.6,505.4,8.4
Z0127,20,-33.907429,151.289612,Bondi,Bondi(20),1.553,116.6,114.2,288.8,804.5,13.4
Z0128,24,-33.957628,151.244547,Maroubra,Maroubra(24),0.336,31.6,27.1,69.1,268.3,4.5
Z0129,20,-33.8749,151.202149,Sydney CBD,"Sydney CBD(11), Surry Hills(6), Glebe(2), Darlinghurst(1)",0.553,40.7,41.4,100.7,308.1,5.1
Z0130,22,-33.904051,151.209902,Waterloo,"Waterloo(14), Surry Hills(6), Sydney CBD(1), Kensington(1)",0.256,18.1,16.5,38.3,158.4,2.6
Z0131,18,-33.905156,151.181262,Alexandria,"Alexandria(16), Surry Hills(1), Waterloo(1)",0.654,43.8,43.7,101.0,385.8,6.4
Z0132,16,-33.877264,151.184369,Glebe,"Glebe(14), Sydney CBD(2)",0.803,61.2,46.4,139.2,285.8,4.8
Z0133,20,-33.903461,151.19769,Waterloo,"Waterloo(14), Alexandria(6)",0.241,23.1,23.6,36.0,193.0,3.2
Z0134,24,-33.909298,151.237566,Kensington,"Kensington(20), Coogee(4)",0.722,64.9,58.3,138.1,501.6,8.4
Z0135,19,-33.880798,151.269449,Bondi,"Bondi(11), Rose Bay(8)",0.328,25.8,23.4,67.2,220.4,3.7
Z0136,15,-33.969962,151.233755,Maroubra,Maroubra(15),1.761,125.3,96.5,340.1,893.0,14.9
Z0137,19,-33.866466,151.20007,Sydney CBD,"Sydney CBD(17), Glebe(2)",0.349,28.8,27.4,55.9,197.5,3.3
Z0138,20,-33.905824,151.221825,Kensington,"Kensington(14), Waterloo(3), Surry Hills(2), Paddington(1)",0.308,31.2,30.9,69.2,234.1,3.9
Z0139,23,-33.910218,151.255778,Coogee,Coogee(23),0.547,45.2,41.4,93.8,285.9,4.8
Z0140,22,-33.888349,151.266099,Bondi,Bondi(22),0.248,29.3,29.6,60.2,254.4,4.2
Z0141,25,-33.895522,151.242165,Paddington,"Paddington(22), Surry Hills(1), Darlinghurst(1), Double Bay(1)",0.485,60.5,51.2,119.7,562.0,9.4
Z0142,17,-33.898888,151.191212,Alexandria,"Alexandria(8), Waterloo(5), Glebe(3), Sydney CBD(1)",0.622,40.0,22.3,111.6,240.3,4.0
Z0143,25,-33.884021,151.228453,Paddington,"Paddington(17), Darlinghurst(6), Surry Hills(2)",0.277,25.1,25.6,48.1,166.5,2.8
Z0144,22,-33.921272,151.229876,Kensington,Kensington(22),0.368,31.6,31.8,55.0,190.8,3.2
Z0145,18,-33.940648,151.250229,Maroubra,"Maroubra(17), Coogee(1)",0.304,31.6,30.5,69.0,219.0,3.6
Z0146,24,-33.914444,151.252063,Coogee,Coogee(24),0.457,32.6,30.6,78.3,328.2,5.5
Z0147,21,-33.867525,151.215416,Darlinghurst,"Darlinghurst(11), Sydney CBD(9), Surry Hills(1)",0.534,30.8,22.5,88.6,228.5,3.8
Z0148,22,-33.923901,151.232676,Kensington,Kensington(22),0.399,38.0,36.6,66.0,335.1,5.6
Z0149,23,-33.880111,151.249464,Double Bay,"Double Bay(16), Paddington(4), Rose Bay(2), Darlinghurst(1)",0.45,32.5,33.5,64.6,284.8,4.7
Z0150,23,-33.906712,151.210869,Waterloo,"Waterloo(13), Kensington(3), Alexandria(3), Surry Hills(2), Sydney CBD(1), Paddington(1)",0.299,25.5,24.7,57.7,214.3,3.6
Z0151,17,-33.872664,151.231573,Darlinghurst,"Darlinghurst(6), Paddington(6), Sydney CBD(2), Double Bay(2), Surry Hills(1)",0.249,24.2,23.5,47.9,152.7,2.5
Z0152,16,-33.871302,151.215617,Darlinghurst,"Darlinghurst(8), Sydney CBD(6), Surry Hills(1), Paddington(1)",0.168,18.0,16.4,40.2,126.0,2.1
Z0153,25,-33.901099,151.27937,Bondi,Bondi(25),0.276,29.5,27.2,68.2,285.6,4.8
Z0154,20,-33.904452,151.272381,Bondi,"Bondi(19), Coogee(1)",0.449,47.1,47.4,87.9,316.4,5.3
Z0155,18,-33.912109,151.217798,Kensington,"Kensington(16), Waterloo(1), Alexandria(1)",0.351,30.4,29.2,60.9,267.1,4.5
Z0156,25,-33.922928,151.223055,Kensington,Kensington(25),0.332,35.3,38.8,59.9,253.2,4.2
Z0157,25,-33.959054,151.252355,Maroubra,Maroubra(25),0.323,31.9,34.5,64.6,280.7,4.7
Z0158,20,-33.877528,151.228929,Darlinghurst,"Darlinghurst(12), Paddington(7), Sydney CBD(1)",0.166,17.7,18.2,35.2,124.5,2.1
Z0159,23,-33.92569,151.260133,Coogee,"Coogee(20), Maroubra(3)",0.304,33.4,33.7,59.4,224.7,3.7
Z0160,19,-33.894207,151.209174,Surry Hills,"Surry Hills(10), Waterloo(6), Alexandria(2), Sydney CBD(1)",0.244,18.0,17.7,34.4,146.9,2.4
Z0161,24,-33.886433,151.267649,Bondi,"Bondi(19), Rose Bay(5)",0.277,21.2,18.1,50.7,198.6,3.3
Z0162,25,-33.945687,151.24541,Maroubra,Maroubra(25),0.288,25.4,26.6,53.4,266.3,4.4
Z0163,24,-33.949567,151.252265,Maroubra,Maroubra(24),0.272,29.0,29.3,54.5,227.3,3.8
Z0164,19,-33.907758,151.205547,Waterloo,"Waterloo(10), Alexandria(7), Kensington(1), Surry Hills(1)",0.238,26.0,23.0,45.3,179.7,3.0
Z0165,20,-33.926369,151.275303,Coogee,Coogee(20),0.947,81.8,87.0,163.3,679.7,11.3
Z0166,21,-33.871354,151.196096,Sydney CBD,"Sydney CBD(14), Glebe(6), Surry Hills(1)",0.296,27.6,28.7,58.3,245.2,4.1
Z0167,17,-33.893437,151.283828,Bondi,Bondi(17),0.309,32.1,36.5,58.8,193.2,3.2
Z0168,21,-33.88011,151.169956,Glebe,"Glebe(16), Sydney CBD(5)",0.788,57.8,51.9,164.9,677.3,11.3
Z0169,15,-33.891315,151.210951,Surry Hills,"Surry Hills(11), Waterloo(3), Sydney CBD(1)",0.224,18.1,17.8,37.4,121.9,2.0
Z0170,20,-33.882008,151.238444,Double Bay,"Double Bay(9), Paddington(7), Sydney CBD(3), Darlinghurst(1)",0.246,23.4,23.5,46.9,192.3,3.2
Z0171,21,-33.878462,151.189201,Glebe,"Glebe(18), Sydney CBD(1), Surry Hills(1), Alexandria(1)",0.218,21.7,20.1,41.6,183.5,3.1
Z0172,23,-33.893257,151.222097,Surry Hills,"Surry Hills(10), Paddington(10), Darlinghurst(2), Waterloo(1)",0.296,30.0,29.5,61.2,209.0,3.5
Z0173,16,-33.870508,151.217888,Darlinghurst,"Darlinghurst(8), Sydney CBD(6), Surry Hills(2)",0.192,17.5,15.7,34.1,98.9,1.6
Z0174,22,-33.891179,151.203837,Waterloo,"Waterloo(11), Surry Hills(10), Alexandria(1)",0.259,19.6,18.0,44.9,148.4,2.5
Z0175,19,-33.959931,151.27005,Maroubra,Maroubra(19),1.51,104.5,85.4,262.1,1036.8,17.3
Z0176,17,-33.954737,151.255092,Maroubra,Maroubra(17),1.662,77.6,48.9,401.0,541.2,9.0
Z0177,18,-33.875894,151.248923,Double Bay,"Double Bay(15), Rose Bay(2), Paddington(1)",0.596,47.5,49.7,103.1,339.6,5.7
Z0178,23,-33.887476,151.227229,Paddington,"Paddington(12), Darlinghurst(6), Surry Hills(4), Sydney CBD(1)",0.205,19.5,19.3,36.8,198.4,3.3
Z0179,15,-33.951501,151.257895,Maroubra,Maroubra(15),0.361,40.6,44.4,69.7,209.8,3.5
Z0180,18,-33.910013,151.203849,Waterloo,"Waterloo(9), Alexandria(9)",0.31,24.2,23.0,53.0,177.1,3.0
Z0181,25,-33.886302,151.202967,Surry Hills,"Surry Hills(14), Waterloo(5), Sydney CBD(2), Alexandria(2), Glebe(2)",0.209,20.9,19.8,47.9,206.6,3.4
Z0182,18,-33.875482,151.182039,Glebe,"Glebe(15), Sydney CBD(3)",0.284,24.5,24.4,49.2,202.7,3.4
Z0183,15,-33.886282,151.295506,Bondi,Bondi(15),0.983,91.7,93.8,196.3,516.9,8.6
Z0184,22,-33.917238,151.199741,Alexandria,"Alexandria(17), Waterloo(4), Kensington(1)",0.578,55.3,47.1,170.6,473.8,7.9
Z0185,22,-33.884895,151.284862,Bondi,"Bondi(21), Rose Bay(1)",0.437,42.3,43.0,77.0,321.0,5.3
Z0186,15,-33.913842,151.215115,Kensington,"Kensington(12), Waterloo(2), Surry Hills(1)",0.968,51.5,37.8,176.2,384.3,6.4
Z0187,17,-33.877719,151.180785,Glebe,"Glebe(16), Sydney CBD(1)",0.422,30.6,26.1,73.6,262.4,4.4
Z0188,17,-33.928491,151.235227,Kensington,"Kensington(12), Maroubra(5)",0.6,57.9,58.3,123.9,404.8,6.7
Z0189,20,-33.894018,151.231651,Paddington,"Paddington(15), Surry Hills(3), Sydney CBD(1), Kensington(1)",0.353,20.4,17.8,53.0,175.6,2.9
Z0190,24,-33.934783,151.245915,Maroubra,"Maroubra(18), Coogee(6)",0.407,43.7,40.9,85.2,432.5,7.2
Z0191,17,-33.891543,151.267116,Bondi,Bondi(17),0.23,27.7,27.8,53.1,175.5,2.9
Z0192,19,-33.908206,151.192366,Alexandria,"Alexandria(16), Waterloo(3)",0.312,30.2,30.0,60.8,230.9,3.8
Z0193,19,-33.921496,151.235738,Kensington,"Kensington(17), Coogee(2)",0.373,31.7,29.8,72.1,219.6,3.7
Z0194,23,-33.901485,151.267336,Bondi,"Bondi(19), Coogee(4)",0.516,40.9,32.8,103.6,338.5,5.6
Z0195,21,-33.920356,151.210166,Kensington,"Kensington(16), Alexandria(4), Waterloo(1)",1.12,62.5,49.4,183.7,664.7,11.1
Z0196,20,-33.879146,151.215655,Darlinghurst,"Darlinghurst(11), Surry Hills(4), Sydney CBD(3), Paddington(2)",0.208,20.0,18.5,42.1,135.0,2.2
Z0197,15,-33.899357,151.219949,Surry Hills,"Surry Hills(6), Waterloo(4), Paddington(3), Kensington(2)",0.383,34.6,34.4,82.4,269.7,4.5
Z0198,13,-33.9543,151.245624,Maroubra,Maroubra(13),0.279,22.1,23.4,45.9,131.2,2.2
Z0199,24,-33.936787,151.259464,Maroubra,"Maroubra(15), Coogee(9)",0.494,41.8,40.6,107.1,387.2,6.5
Z0200,18,-33.901378,151.283256,Bondi,Bondi(18),0.389,43.7,44.4,74.0,300.2,5.0
Z0201,21,-33.876627,151.196671,Glebe,"Glebe(10), Sydney CBD(6), Surry Hills(5)",0.354,34.3,35.4,62.6,233.5,3.9
Z0202,22,-33.89205,151.187277,Glebe,"Glebe(12), Alexandria(4), Waterloo(3), Surry Hills(2), Sydney CBD(1)",0.501,33.9,32.6,71.7,294.6,4.9
Z0203,22,-33.866885,151.18971,Glebe,"Glebe(14), Sydney CBD(8)",0.4,36.6,36.7,79.9,289.3,4.8
Z0204,20,-33.907366,151.262351,Coogee,"Coogee(15), Bondi(5)",0.655,39.3,39.3,91.2,335.6,5.6
Z0205,24,-33.908332,151.219868,Kensington,"Kensington(18), Paddington(4), Surry Hills(2)",0.356,28.8,27.6,52.7,293.5,4.9
Z0206,24,-33.870665,151.240085,Double Bay,"Double Bay(14), Paddington(6), Darlinghurst(3), Sydney CBD(1)",0.519,35.8,28.7,88.3,262.2,4.4
Z0207,25,-33.870521,151.213091,Darlinghurst,"Darlinghurst(17), Sydney CBD(7), Surry Hills(1)",0.32,25.1,24.2,53.6,179.7,3.0
Z0208,15,-33.920341,151.240549,Coogee,"Coogee(8), Kensington(6), Maroubra(1)",0.364,44.3,38.7,115.3,330.4,5.5
Z0209,23,-33.893224,151.194756,Alexandria,"Alexandria(12), Waterloo(9), Sydney CBD(1), Glebe(1)",0.331,20.7,19.9,44.4,239.7,4.0
Z0210,24,-33.914095,151.211781,Kensington,"Kensington(13), Waterloo(7), Alexandria(3), Surry Hills(1)",0.526,39.3,37.8,83.1,370.9,6.2
Z0211,17,-33.887259,151.211097,Surry Hills,"Surry Hills(8), Waterloo(4), Darlinghurst(2), Paddington(2), Alexandria(1)",0.224,21.3,23.0,34.4,163.9,2.7
Z0212,18,-33.860926,151.227286,Sydney CBD,"Sydney CBD(12), Darlinghurst(6)",0.384,36.9,32.1,79.9,326.4,5.4
Z0213,23,-33.875727,151.229241,Paddington,"Paddington(12), Darlinghurst(7), Sydney CBD(3), Surry Hills(1)",0.26,18.6,17.9,49.1,205.9,3.4
Z0214,22,-33.923243,151.191324,Alexandria,Alexandria(22),1.057,90.2,88.9,211.8,949.1,15.8
Z0215,24,-33.893351,151.273964,Bondi,Bondi(24),0.317,27.1,26.0,49.9,204.8,3.4
Z0216,23,-33.873196,151.191194,Glebe,"Glebe(15), Sydney CBD(6), Surry Hills(2)",0.38,34.5,33.9,62.8,267.5,4.5
Z0217,20,-33.918636,151.262246,Coogee,Coogee(20),0.319,29.5,27.2,54.6,194.1,3.2
Z0218,20,-33.874669,151.265074,Rose Bay,"Rose Bay(17), Bondi(2), Double Bay(1)",0.257,24.6,22.8,49.7,233.5,3.9
Z0219,18,-33.891246,151.279534,Bondi,Bondi(18),0.349,25.3,25.6,49.3,194.3,3.2
Z0220,25,-33.953298,151.272529,Maroubra,Maroubra(25),1.022,89.4,69.7,238.8,972.2,16.2
Z0221,24,-33.907293,151.185284,Alexandria,Alexandria(24),0.344,36.6,38.0,87.7,339.2,5.7
Z0222,21,-33.873045,151.236564,Double Bay,"Double Bay(8), Paddington(8), Darlinghurst(3), Sydney CBD(2)",0.336,30.0,29.9,60.1,223.9,3.7
Z0223,22,-33.886319,151.278012,Bondi,"Bondi(21), Rose Bay(1)",0.345,31.6,31.7,59.9,220.0,3.7
Z0224,16,-33.897124,151.276624,Bondi,"Bondi(11), Rose Bay(3), Coogee(2)",5.014,363.2,374.2,900.5,1741.3,29.0
Z0225,24,-33.929282,151.223275,Kensington,"Kensington(22), Maroubra(2)",0.771,71.5,69.8,141.3,637.7,10.6
Z0226,24,-33.952727,151.241355,Maroubra,Maroubra(24),0.393,31.4,32.9,69.1,294.2,4.9
Z0227,24,-33.90637,151.18938,Alexandria,"Alexandria(19), Waterloo(5)",0.346,29.2,27.5,65.0,271.0,4.5
Z0228,24,-33.918805,151.266332,Coogee,"Coogee(23), Bondi(1)",0.396,31.2,29.6,71.2,337.8,5.6
Z0229,20,-33.916125,151.231025,Kensington,Kensington(20),0.228,26.8,24.3,73.7,193.2,3.2
Z0230,23,-33.882191,151.189338,Glebe,"Glebe(21), Surry Hills(2)",0.259,21.7,21.3,47.8,198.8,3.3
Z0231,15,-33.881535,151.175006,Glebe,"Glebe(13), Sydney CBD(2)",0.49,34.4,27.3,96.2,243.6,4.1
Z0232,18,-33.912747,151.198295,Alexandria,"Alexandria(16), Waterloo(2)",0.283,30.5,27.9,68.9,229.4,3.8
Z0233,25,-33.898957,151.197437,Waterloo,"Waterloo(9), Alexandria(8), Surry Hills(6), Sydney CBD(1), Glebe(1)",0.266,23.1,20.5,48.5,195.5,3.3
Z0234,18,-33.85655,151.219467,Sydney CBD,"Sydney CBD(17), Darlinghurst(1)",0.345,39.8,40.2,83.1,293.2,4.9
Z0235,21,-33.873165,151.20555,Sydney CBD,"Sydney CBD(9), Darlinghurst(6), Surry Hills(4), Glebe(2)",0.234,21.9,21.6,46.4,184.3,3.1
Z0236,25,-33.926538,151.249057,Coogee,"Coogee(23), Maroubra(2)",0.404,35.6,33.1,69.7,282.5,4.7
Z0237,24,-33.900937,151.199031,Waterloo,"Waterloo(15), Alexandria(7), Surry Hills(2)",0.228,24.0,24.5,52.0,189.1,3.2
Z0238,15,-33.891984,151.270337,Bondi,Bondi(15),0.319,21.3,21.5,48.5,140.1,2.3
Z0239,20,-33.896407,151.220787,Surry Hills,"Surry Hills(12), Paddington(6), Waterloo(2)",0.308,29.6,29.0,61.6,224.6,3.7
Z0240,21,-33.863209,151.197254,Sydney CBD,"Sydney CBD(19), Surry Hills(1), Glebe(1)",0.483,36.2,33.2,68.7,320.7,5.3
Z0241,15,-33.876302,151.18446,Glebe,"Glebe(13), Sydney CBD(2)",0.266,29.9,29.3,53.8,157.9,2.6
Z0242,21,-33.877403,151.261202,Rose Bay,"Rose Bay(14), Bondi(5), Double Bay(2)",0.405,32.2,31.3,71.4,266.0,4.4
Z0243,21,-33.867236,151.175947,Glebe,"Glebe(15), Sydney CBD(6)",1.452,91.9,70.0,233.0,840.7,14.0
Z0244,22,-33.920056,151.218744,Kensington,Kensington(22),0.343,33.0,33.2,66.4,337.2,5.6
Z0245,17,-33.897565,151.201804,Waterloo,"Waterloo(11), Surry Hills(4), Alexandria(2)",0.174,18.8,19.0,34.8,114.7,1.9
Z0246,15,-33.878296,151.272057,Rose Bay,"Rose Bay(9), Bondi(6)",0.323,29.5,25.7,65.3,207.5,3.5
Z0247,20,-33.973035,151.258345,Maroubra,Maroubra(20),1.452,125.4,104.5,294.8,883.0,14.7
Z0248,18,-33.893392,151.202103,Waterloo,"Waterloo(8), Surry Hills(7), Alexandria(2), Sydney CBD(1)",0.16,19.7,19.4,41.5,124.6,2.1
Z0249,15,-33.946875,151.249625,Maroubra,Maroubra(15),0.682,50.5,41.0,123.4,308.9,5.1
Z0250,19,-33.896388,151.198079,Alexandria,"Alexandria(8), Waterloo(7), Surry Hills(3), Glebe(1)",0.225,15.5,14.2,31.2,180.6,3.0
Z0251,24,-33.923765,151.253688,Coogee,"Coogee(22), Maroubra(2)",0.341,22.9,18.3,61.5,226.2,3.8
Z0252,17,-33.88858,151.189037,Glebe,"Glebe(9), Alexandria(3), Surry Hills(3), Sydney CBD(1), Waterloo(1)",0.266,27.5,29.4,49.7,201.8,3.4
Z0253,19,-33.874371,151.230414,Darlinghurst,"Darlinghurst(9), Paddington(6), Sydney CBD(2), Surry Hills(1), Double Bay(1)",0.249,22.9,23.1,49.3,154.4,2.6
Z0254,20,-33.923511,151.249731,Coogee,"Coogee(19), Maroubra(1)",0.262,28.3,28.8,44.3,233.1,3.9
Z0255,21,-33.89724,151.234023,Paddington,"Paddington(17), Sydney CBD(1), Surry Hills(1), Coogee(1), Kensington(1)",0.794,45.8,44.7,112.3,431.3,7.2
Z0256,16,-33.8846,151.202746,Surry Hills,"Surry Hills(10), Sydney CBD(2), Darlinghurst(2), Alexandria(1), Glebe(1)",0.199,18.8,18.5,38.9,133.2,2.2
Z0257,18,-33.875824,151.233456,Darlinghurst,"Darlinghurst(7), Paddington(6), Sydney CBD(2), Double Bay(2), Surry Hills(1)",0.241,25.3,24.8,51.1,152.4,2.5
Z0258,19,-33.90298,151.212085,Waterloo,"Waterloo(13), Surry Hills(5), Kensington(1)",0.27,25.6,24.9,51.1,163.3,2.7
Z0259,16,-33.867605,151.259618,Rose Bay,Rose Bay(16),0.384,39.5,37.0,70.7,268.2,4.5
Z0260,25,-33.878434,151.265643,Rose Bay,"Rose Bay(14), Bondi(11)",0.402,30.3,30.8,67.2,251.4,4.2
Z0261,15,-33.899414,151.262783,Bondi,"Bondi(13), Coogee(2)",0.762,73.3,81.6,148.1,345.0,5.8
Z0262,25,-33.884355,151.261714,Bondi,"Bondi(15), Rose Bay(7), Double Bay(3)",0.48,40.9,39.6,75.6,360.1,6.0
Z0263,16,-33.850887,151.235908,Sydney CBD,"Sydney CBD(15), Paddington(1)",1.726,136.0,117.7,317.9,1003.5,16.7
Z0264,18,-33.925134,151.26421,Coogee,Coogee(18),0.352,24.6,24.9,49.5,251.1,4.2
Z0265,19,-33.887893,151.191986,Glebe,"Glebe(8), Surry Hills(5), Sydney CBD(3), Alexandria(3)",0.37,26.0,24.0,58.0,184.1,3.1
Z0266,20,-33.935178,151.252234,Coogee,"Coogee(10), Maroubra(10)",0.487,37.8,37.3,87.8,285.4,4.8
Z0267,17,-33.874219,151.252725,Double Bay,"Double Bay(9), Rose Bay(8)",0.399,30.8,31.0,65.6,237.6,4.0
Z0268,23,-33.959252,151.257841,Maroubra,Maroubra(23),0.4,37.9,37.8,69.5,315.9,5.3
Z0269,24,-33.890495,151.263023,Bondi,"Bondi(23), Rose Bay(1)",0.437,34.7,33.5,68.0,340.1,5.7
Z0270,20,-33.961849,151.255473,Maroubra,Maroubra(20),0.393,38.5,35.4,84.2,326.8,5.4
Z0271,15,-33.9406,151.228354,Maroubra,"Maroubra(14), Kensington(1)",0.853,72.6,66.7,180.8,497.6,8.3
Z0272,15,-33.914797,151.218043,Kensington,Kensington(15),0.295,27.6,28.0,50.3,187.1,3.1
Z0273,16,-33.918689,151.255904,Coogee,Coogee(16),0.236,23.6,28.8,47.2,157.6,2.6
Z0274,20,-33.920429,151.27042,Coogee,Coogee(20),0.392,40.8,42.5,80.3,400.0,6.7
Z0275,25,-33.877763,151.20464,Sydney CBD,"Sydney CBD(10), Surry Hills(9), Darlinghurst(5), Glebe(1)",0.314,28.8,25.6,59.1,269.7,4.5
Z0276,18,-33.924582,151.25704,Coogee,"Coogee(17), Maroubra(1)",0.291,26.5,25.1,53.2,159.4,2.7
Z0277,18,-33.885696,151.191251,Glebe,"Glebe(11), Surry Hills(6), Sydney CBD(1)",0.219,22.1,20.9,43.3,190.1,3.2
Z0278,20,-33.949878,151.243507,Maroubra,Maroubra(20),0.318,32.9,32.3,58.6,219.8,3.7
Z0279,25,-33.879463,151.238967,Double Bay,"Double Bay(12), Paddington(8), Darlinghurst(3), Sydney CBD(2)",0.27,21.3,21.6,47.7,209.1,3.5
Z0280,15,-33.912272,151.204741,Alexandria,"Alexandria(8), Waterloo(6), Kensington(1)",0.281,29.2,31.0,57.9,157.1,2.6
Z0281,18,-33.883821,151.190547,Glebe,"Glebe(13), Sydney CBD(3), Surry Hills(1), Alexandria(1)",0.269,22.8,24.9,43.9,177.9,3.0
Z0282,15,-33.857623,151.210342,Sydney CBD,"Sydney CBD(14), Darlinghurst(1)",0.508,40.8,38.9,92.4,247.1,4.1
Z0283,22,-33.903422,151.18932,Alexandria,"Alexandria(21), Waterloo(1)",0.285,28.6,27.7,53.7,192.8,3.2
Z0284,20,-33.873904,151.284174,Rose Bay,"Rose Bay(10), Bondi(10)",0.842,46.7,43.9,130.6,460.2,7.7
Z0285,25,-33.874862,151.211417,Sydney CBD,"Sydney CBD(11), Darlinghurst(8), Surry Hills(6)",0.212,26.1,26.5,47.0,177.9,3.0
Z0286,16,-33.882838,151.184981,Glebe,"Glebe(13), Sydney CBD(2), Surry Hills(1)",0.252,22.8,26.4,41.2,142.2,2.4
Z0287,25,-33.87271,151.261445,Rose Bay,"Rose Bay(23), Bondi(2)",0.373,31.7,25.6,77.1,288.0,4.8
Z0288,23,-33.910674,151.194444,Alexandria,"Alexandria(18), Waterloo(5)",0.317,26.2,26.6,55.8,259.2,4.3
Z0289,19,-33.887108,151.182239,Glebe,"Glebe(16), Alexandria(2), Surry Hills(1)",0.342,32.1,32.0,71.1,283.5,4.7
Z0290,25,-33.890839,151.174942,Glebe,"Glebe(23), Sydney CBD(1), Alexandria(1)",1.506,131.6,130.2,274.3,840.5,14.0
Z0291,25,-33.901752,151.20967,Waterloo,"Waterloo(16), Alexandria(5), Surry Hills(4)",0.236,20.9,20.8,44.2,181.0,3.0
Z0292,19,-33.881415,151.19806,Surry Hills,"Surry Hills(7), Glebe(7), Sydney CBD(4), Waterloo(1)",0.234,23.8,24.0,45.1,163.2,2.7
Z0293,24,-33.924955,151.225997,Kensington,Kensington(24),0.4,27.8,26.2,76.4,315.1,5.3
Z0294,20,-33.885165,151.238024,Paddington,"Paddington(14), Double Bay(3), Darlinghurst(2), Sydney CBD(1)",0.291,24.4,22.2,51.9,209.8,3.5
Z0295,21,-33.885845,151.228291,Paddington,"Paddington(16), Surry Hills(2), Darlinghurst(2), Sydney CBD(1)",0.272,22.5,21.1,48.3,156.7,2.6
Z0296,21,-33.875619,151.237766,Paddington,"Paddington(8), Double Bay(6), Darlinghurst(4), Sydney CBD(3)",0.356,25.3,22.5,58.2,192.5,3.2
Z0297,16,-33.88325,151.196919,Glebe,"Glebe(6), Sydney CBD(5), Surry Hills(4), Waterloo(1)",0.186,18.5,19.3,39.9,147.7,2.5
Z0298,21,-33.895054,151.279982,Bondi,Bondi(21),0.292,29.9,28.9,75.1,249.3,4.2
Z0299,24,-33.865981,151.213794,Sydney CBD,"Sydney CBD(20), Darlinghurst(3), Surry Hills(1)",0.285,29.9,27.9,65.0,272.5,4.5
Z0300,24,-33.863672,151.245864,Double Bay,"Double Bay(16), Sydney CBD(4), Paddington(2), Rose Bay(2)",1.661,103.0,76.1,272.3,906.8,15.1
Z0301,24,-33.891221,151.213465,Surry Hills,"Surry Hills(10), Waterloo(9), Paddington(3), Darlinghurst(2)",0.273,20.3,18.2,46.5,181.9,3.0
Z0302,16,-33.885342,151.178493,Glebe,"Glebe(13), Sydney CBD(2), Alexandria(1)",0.422,33.0,28.9,79.1,324.2,5.4
Z0303,23,-33.850237,151.189167,Sydney CBD,Sydney CBD(23),1.342,136.0,104.3,387.9,1395.5,23.3
Z0304,21,-33.885146,151.211745,Surry Hills,"Surry Hills(18), Sydney CBD(1), Darlinghurst(1), Paddington(1)",0.31,24.0,23.9,49.4,176.0,2.9
Z0305,20,-33.925496,151.244122,Coogee,"Coogee(12), Maroubra(7), Kensington(1)",0.749,59.7,58.9,126.8,373.6,6.2
Z0306,15,-33.910369,151.265649,Coogee,"Coogee(12), Bondi(2), Maroubra(1)",0.428,45.3,42.8,89.1,238.1,4.0
Z0307,16,-33.895488,151.207331,Waterloo,"Waterloo(12), Surry Hills(2), Sydney CBD(1), Alexandria(1)",0.219,18.5,16.9,38.0,144.2,2.4
Z0308,23,-33.884956,151.242169,Paddington,"Paddington(12), Double Bay(10), Darlinghurst(1)",0.3,36.1,36.9,61.7,320.2,5.3
Z0309,20,-33.8452,151.208074,Sydney CBD,Sydney CBD(20),0.868,68.3,60.6,178.6,571.0,9.5
Z0310,18,-33.855581,151.225662,Sydney CBD,"Sydney CBD(16), Darlinghurst(2)",0.617,55.1,52.0,128.9,407.3,6.8
Z0311,23,-33.903559,151.200313,Alexandria,"Alexandria(14), Waterloo(8), Surry Hills(1)",0.22,23.8,24.7,44.0,171.7,2.9
Z0312,23,-33.88914,151.19746,Surry Hills,"Surry Hills(10), Waterloo(8), Alexandria(3), Glebe(2)",0.212,21.7,19.8,48.5,216.9,3.6
Z0313,20,-33.915591,151.239574,Kensington,"Kensington(12), Coogee(8)",0.529,43.8,42.1,105.0,377.3,6.3
Z0314,21,-33.882976,151.273668,Bondi,"Bondi(18), Rose Bay(3)",0.353,26.2,25.3,55.3,219.4,3.7
Z0315,21,-33.877255,151.212081,Darlinghurst,"Darlinghurst(7), Surry Hills(6), Sydney CBD(4), Paddington(4)",0.325,22.5,23.6,54.1,159.6,2.7
Z0316,25,-33.880624,151.181338,Glebe,"Glebe(24), Surry Hills(1)",0.265,21.8,20.0,57.1,229.1,3.8
Z0317,20,-33.879371,151.278743,Bondi,"Bondi(15), Rose Bay(5)",0.384,31.3,27.3,74.4,259.7,4.3
Z0318,21,-33.890408,151.208102,Surry Hills,"Surry Hills(12), Waterloo(6), Sydney CBD(1), Darlinghurst(1), Alexandria(1)",0.236,19.3,18.9,36.4,172.0,2.9
Z0319,23,-33.901532,151.196266,Alexandria,"Alexandria(14), Waterloo(7), Surry Hills(2)",0.273,22.5,25.0,46.3,181.9,3.0
Z0320,20,-33.861228,151.209732,Sydney CBD,"Sydney CBD(16), Darlinghurst(4)",0.394,32.0,27.4,80.3,267.6,4.5
Z0321,19,-33.869302,151.281465,Rose Bay,"Rose Bay(16), Bondi(3)",0.694,62.5,58.4,138.3,456.3,7.6
Z0322,24,-33.881746,151.241205,Paddington,"Paddington(14), Double Bay(9), Sydney CBD(1)",0.306,28.3,27.1,57.4,251.6,4.2
Z0323,21,-33.878036,151.269037,Bondi,"Bondi(11), Rose Bay(10)",0.28,27.7,25.6,59.9,259.7,4.3
Z0324,19,-33.948173,151.254694,Maroubra,Maroubra(19),0.293,28.1,25.4,63.6,251.3,4.2
Z0325,19,-33.919034,151.233609,Kensington,Kensington(19),0.389,30.3,31.1,67.6,229.7,3.8
Z0326,24,-33.867711,151.221721,Darlinghurst,"Darlinghurst(20), Sydney CBD(4)",0.262,24.0,23.7,48.2,196.4,3.3
Z0327,21,-33.917888,151.249795,Coogee,Coogee(21),0.453,36.2,34.6,71.8,307.8,5.1
Z0328,19,-33.892073,151.219121,Surry Hills,"Surry Hills(8), Paddington(5), Waterloo(4), Darlinghurst(2)",0.255,23.0,24.3,44.5,179.4,3.0
Z0329,25,-33.910518,151.188772,Alexandria,"Alexandria(24), Waterloo(1)",0.366,29.5,33.3,60.2,215.2,3.6
Z0330,24,-33.896334,151.26741,Bondi,Bondi(24),0.417,36.8,35.8,74.6,299.2,5.0
Z0331,16,-33.903956,151.186379,Alexandria,Alexandria(16),0.353,33.2,31.3,63.1,194.3,3.2
Z0332,22,-33.880571,151.188011,Glebe,"Glebe(16), Sydney CBD(4), Surry Hills(2)",0.275,20.1,17.6,47.7,166.6,2.8
Z0333,16,-33.90952,151.216444,Waterloo,"Waterloo(8), Kensington(7), Alexandria(1)",0.231,27.4,28.6,56.3,191.5,3.2
Z0334,23,-33.871755,151.243636,Double Bay,"Double Bay(17), Paddington(6)",0.358,28.3,26.1,59.1,282.3,4.7
Z0335,22,-33.89294,151.225936,Surry Hills,"Surry Hills(9), Paddington(9), Waterloo(2), Darlinghurst(1), Kensington(1)",0.327,30.6,28.4,61.9,191.3,3.2
Z0336,22,-33.902941,151.194814,Alexandria,"Alexandria(15), Waterloo(6), Surry Hills(1)",0.247,20.7,19.5,42.1,149.3,2.5
Z0337,24,-33.862942,151.238153,Sydney CBD,"Sydney CBD(13), Double Bay(5), Paddington(4), Darlinghurst(2)",0.518,67.4,63.2,153.1,467.2,7.8
Z0338,23,-33.944164,151.251418,Maroubra,Maroubra(23),0.273,29.0,29.1,74.7,234.5,3.9
Z0339,15,-33.871847,151.201358,Sydney CBD,"Sydney CBD(12), Surry Hills(2), Glebe(1)",0.331,23.9,21.8,57.5,179.8,3.0
Z0340,21,-33.898605,151.272101,Bondi,Bondi(21),0.367,26.5,25.1,57.5,215.7,3.6
Z0341,17,-33.856526,151.269919,Rose Bay,Rose Bay(17),1.315,95.4,90.6,216.8,710.1,11.8
Z0342,21,-33.883555,151.200597,Surry Hills,"Surry Hills(11), Waterloo(4), Glebe(3), Sydney CBD(2), Darlinghurst(1)",0.181,20.0,19.5,41.8,169.5,2.8
Z0343,23,-33.928297,151.256226,Coogee,"Coogee(22), Maroubra(1)",0.483,39.1,38.8,73.8,411.9,6.9
Z0344,16,-33.945133,151.248717,Maroubra,Maroubra(16),0.273,25.5,25.7,49.3,168.4,2.8
Z0345,19,-33.87413,151.195494,Glebe,"Glebe(10), Sydney CBD(7), Surry Hills(2)",0.33,31.1,31.1,54.0,205.5,3.4
Z0346,19,-33.934038,151.263581,Coogee,"Coogee(12), Maroubra(7)",0.433,54.2,57.7,96.6,366.4,6.1
Z0347,17,-33.879717,151.235011,Paddington,"Paddington(7), Double Bay(6), Darlinghurst(2), Sydney CBD(2)",0.244,23.3,21.7,45.0,194.1,3.2
Z0348,15,-33.879313,151.195987,Sydney CBD,"Sydney CBD(10), Glebe(4), Surry Hills(1)",0.319,26.2,24.9,51.9,186.7,3.1
Z0349,23,-33.972566,151.247927,Maroubra,Maroubra(23),1.176,95.1,85.6,242.4,792.3,13.2
Z0350,15,-33.897741,151.261648,Bondi,Bondi(15),1.418,119.6,114.3,245.6,559.1,9.3
Z0351,16,-33.901416,151.21682,Surry Hills,"Surry Hills(10), Kensington(3), Waterloo(2), Sydney CBD(1)",0.262,22.8,22.3,44.1,143.3,2.4
Z0352,24,-33.880001,151.275168,Bondi,"Bondi(14), Rose Bay(10)",0.339,29.5,27.3,64.8,281.8,4.7
Z0353,22,-33.945175,151.240182,Maroubra,Maroubra(22),0.39,33.1,33.9,67.2,319.5,5.3
Z0354,18,-33.881057,151.224056,Darlinghurst,"Darlinghurst(8), Paddington(8), Surry Hills(2)",0.238,21.2,21.5,40.9,152.9,2.5
Z0355,19,-33.933137,151.255369,Coogee,"Coogee(13), Maroubra(6)",0.38,35.8,33.7,78.9,293.9,4.9
Z0356,25,-33.860329,151.22211,Sydney CBD,"Sydney CBD(16), Darlinghurst(9)",0.433,36.5,34.6,77.8,308.4,5.1
Z0357,20,-33.951596,151.249105,Maroubra,Maroubra(20),0.306,27.5,24.9,50.9,194.1,3.2
Z0358,17,-33.859673,151.186317,Sydney CBD,"Sydney CBD(12), Glebe(5)",0.846,98.6,110.6,186.5,594.8,9.9
Z0359,23,-33.952251,151.235137,Maroubra,Maroubra(23),0.546,53.2,54.0,102.1,422.7,7.0
Z0360,25,-33.920404,151.222537,Kensington,"Kensington(24), Waterloo(1)",0.288,28.6,24.3,58.6,246.3,4.1
Z0361,25,-33.876217,151.19126,Glebe,"Glebe(21), Sydney CBD(3), Surry Hills(1)",0.273,25.9,24.8,58.1,221.9,3.7
Z0362,24,-33.8705,151.206251,Sydney CBD,"Sydney CBD(13), Darlinghurst(5), Surry Hills(3), Glebe(2), Paddington(1)",0.333,26.1,23.3,54.8,247.7,4.1
Z0363,25,-33.864356,151.269442,Rose Bay,"Rose Bay(24), Sydney CBD(1)",0.488,50.2,51.4,93.2,416.7,6.9
Z0364,24,-33.888673,151.239234,Paddington,"Paddington(19), Double Bay(3), Darlinghurst(1), Sydney CBD(1)",0.43,38.6,38.0,82.2,301.6,5.0
Z0365,16,-33.89975,151.276072,Bondi,Bondi(16),0.335,25.5,24.5,53.5,230.3,3.8
Z0366,15,-33.880603,151.195769,Glebe,"Glebe(8), Sydney CBD(4), Surry Hills(3)",0.598,48.5,29.9,103.1,216.7,3.6
Z0367,18,-33.907644,151.195765,Alexandria,"Alexandria(11), Waterloo(5), Surry Hills(2)",0.317,27.8,25.3,58.1,209.6,3.5
Z0368,17,-33.875925,151.226628,Paddington,"Paddington(6), Darlinghurst(6), Sydney CBD(4), Surry Hills(1)",0.234,16.2,15.3,40.6,129.3,2.2
Z0369,18,-33.869305,151.246902,Double Bay,"Double Bay(12), Rose Bay(3), Paddington(2), Sydney CBD(1)",0.538,47.2,49.7,96.1,282.8,4.7
Z0370,15,-33.874132,151.208586,Darlinghurst,"Darlinghurst(7), Sydney CBD(6), Surry Hills(2)",0.257,22.7,22.8,44.6,135.4,2.3
Z0371,21,-33.865884,151.19369,Sydney CBD,"Sydney CBD(14), Glebe(6), Surry Hills(1)",0.338,37.8,33.6,85.4,306.1,5.1
Z0372,18,-33.849367,151.202007,Sydney CBD,Sydney CBD(18),0.876,65.8,64.5,138.7,617.9,10.3
Z0373,15,-33.888287,151.234831,Paddington,"Paddington(12), Sydney CBD(1), Surry Hills(1), Double Bay(1)",0.267,28.2,28.8,48.6,198.6,3.3
Z0374,24,-33.891148,151.224403,Paddington,"Paddington(13), Surry Hills(8), Darlinghurst(3)",0.266,22.6,20.2,54.7,179.4,3.0
Z0375,19,-33.95194,151.245675,Maroubra,Maroubra(19),0.257,27.2,29.9,50.8,161.0,2.7
Z0376,16,-33.877381,151.256771,Double Bay,"Double Bay(9), Rose Bay(5), Bondi(2)",0.328,32.0,30.5,59.4,194.8,3.2
Z0377,24,-33.883839,151.235858,Paddington,"Paddington(17), Darlinghurst(3), Sydney CBD(2), Double Bay(2)",0.206,23.3,19.7,48.1,205.8,3.4
Z0378,25,-33.879693,151.205669,Surry Hills,"Surry Hills(14), Sydney CBD(7), Darlinghurst(3), Waterloo(1)",0.312,30.6,30.4,60.3,263.2,4.4
Z0379,15,-33.87856,151.185751,Glebe,Glebe(15),0.249,24.9,27.5,47.5,147.7,2.5
Z0380,20,-33.887985,151.287829,Bondi,Bondi(20),0.514,37.7,30.2,102.1,332.5,5.5
Z0381,18,-33.862406,151.275922,Rose Bay,"Rose Bay(16), Bondi(2)",0.849,54.2,48.3,113.7,445.9,7.4
Z0382,20,-33.91064,151.201428,Alexandria,"Alexandria(15), Waterloo(5)",0.234,25.4,24.1,58.9,220.5,3.7
Z0383,22,-33.859203,151.200493,Sydney CBD,"Sydney CBD(20), Glebe(2)",0.576,42.2,42.5,81.0,330.2,5.5
Z0384,17,-33.858606,151.232225,Sydney CBD,"Sydney CBD(14), Darlinghurst(2), Double Bay(1)",0.592,63.8,64.2,133.1,463.0,7.7
Z0385,18,-33.911605,151.250187,Coogee,Coogee(18),0.36,32.8,32.8,91.0,308.5,5.1
Z0386,21,-33.85027,151.222178,Sydney CBD,Sydney CBD(21),0.761,70.5,71.8,132.1,560.6,9.3
Z0387,20,-33.874514,151.272088,Rose Bay,"Rose Bay(16), Bondi(4)",0.337,28.1,27.9,56.8,200.1,3.3
Z0388,17,-33.865778,151.209451,Sydney CBD,"Sydney CBD(9), Darlinghurst(6), Surry Hills(2)",0.2,22.4,24.2,48.8,199.2,3.3
Z0389,22,-33.870517,151.233074,Darlinghurst,"Darlinghurst(7), Paddington(6), Sydney CBD(4), Double Bay(4), Surry Hills(1)",0.263,26.1,25.0,64.6,216.3,3.6
Z0390,25,-33.863197,151.213657,Sydney CBD,"Sydney CBD(17), Darlinghurst(8)",0.323,26.0,24.8,57.3,287.5,4.8
Z0391,22,-33.889751,151.26988,Bondi,"Bondi(21), Rose Bay(1)",0.243,20.1,18.7,37.8,156.6,2.6
Z0392,24,-33.941776,151.236881,Maroubra,Maroubra(24),0.65,48.1,46.4,108.0,439.3,7.3
Z0393,23,-33.872581,151.25728,Rose Bay,"Rose Bay(14), Double Bay(7), Sydney CBD(1), Bondi(1)",0.432,39.0,38.0,84.3,349.1,5.8
Z0394,16,-33.890403,151.24562,Paddington,"Paddington(9), Double Bay(4), Bondi(3)",0.535,49.6,48.8,102.5,312.7,5.2
Z0395,20,-33.871741,151.26563,Rose Bay,"Rose Bay(19), Bondi(1)",0.348,30.4,29.9,58.3,204.0,3.4
Z0396,25,-33.876556,151.176079,Glebe,"Glebe(23), Sydney CBD(2)",0.545,41.8,38.3,84.8,331.1,5.5
Z0397,22,-33.942336,151.247409,Maroubra,Maroubra(22),0.375,34.7,33.7,65.4,293.0,4.9
Z0398,17,-33.86562,151.22278,Sydney CBD,"Sydney CBD(8), Darlinghurst(8), Paddington(1)",0.26,26.3,22.4,57.4,203.9,3.4
Z0399,21,-33.888475,151.200739,Surry Hills,"Surry Hills(12), Sydney CBD(5), Waterloo(2), Alexandria(1), Glebe(1)",0.241,24.7,26.0,52.9,164.3,2.7
Z0400,17,-33.924194,151.238052,Kensington,"Kensington(12), Coogee(4), Maroubra(1)",0.396,42.2,42.5,79.7,303.7,5.1
Z0401,22,-33.875436,151.206596,Sydney CBD,"Sydney CBD(8), Darlinghurst(8), Surry Hills(5), Paddington(1)",0.235,24.3,20.8,53.9,212.3,3.5
Z0402,24,-33.85906,151.194558,Sydney CBD,"Sydney CBD(22), Glebe(2)",0.729,57.1,58.1,137.7,436.5,7.3
Z0403,25,-33.867499,151.18304,Glebe,"Glebe(14), Sydney CBD(11)",0.704,45.0,41.6,102.9,418.2,7.0
Z0404,17,-33.873476,151.249006,Double Bay,"Double Bay(15), Paddington(1), Rose Bay(1)",0.922,51.5,40.3,200.2,419.8,7.0
Z0405,17,-33.943722,151.262914,Maroubra,"Maroubra(16), Coogee(1)",0.459,39.8,36.5,69.8,267.5,4.5
Z0406,20,-33.888717,151.203468,Surry Hills,"Surry Hills(13), Waterloo(5), Paddington(1), Alexandria(1)",0.242,20.2,20.2,38.0,155.2,2.6
Z0407,18,-33.905336,151.258673,Coogee,"Coogee(13), Bondi(5)",0.639,52.1,48.9,112.1,357.7,6.0
Z0408,17,-33.914188,151.201831,Alexandria,"Alexandria(10), Waterloo(6), Surry Hills(1)",0.292,30.6,32.3,58.6,192.4,3.2
Z0409,18,-33.93799,151.255862,Maroubra,"Maroubra(14), Coogee(4)",0.303,29.1,27.9,58.9,205.5,3.4
Z0410,22,-33.920027,151.244991,Coogee,"Coogee(21), Kensington(1)",0.525,44.6,47.8,91.1,254.5,4.2
Z0411,23,-33.888579,151.215432,Surry Hills,"Surry Hills(11), Paddington(6), Darlinghurst(3), Sydney CBD(2), Waterloo(1)",0.243,22.4,22.5,42.2,176.2,2.9
Z0412,22,-33.941973,151.243185,Maroubra,Maroubra(22),0.388,41.5,40.3,88.2,298.6,5.0
Z0413,20,-33.867113,151.205653,Sydney CBD,"Sydney CBD(17), Glebe(2), Darlinghurst(1)",0.281,26.4,27.5,60.6,195.3,3.3
Z0414,18,-33.882002,151.177346,Glebe,"Glebe(16), Sydney CBD(2)",0.997,64.0,54.2,180.7,440.5,7.3
Z0415,22,-33.863751,151.231246,Sydney CBD,"Sydney CBD(13), Darlinghurst(7), Paddington(1), Double Bay(1)",0.423,38.7,40.1,73.5,295.1,4.9
Z0416,25,-33.897521,151.199674,Waterloo,"Waterloo(12), Alexandria(10), Surry Hills(2), Glebe(1)",0.174,17.7,17.8,34.3,134.6,2.2
Z0417,21,-33.889535,151.205145,Surry Hills,"Surry Hills(14), Waterloo(4), Sydney CBD(2), Glebe(1)",0.188,17.2,17.4,32.6,146.4,2.4
Z0418,25,-33.908669,151.199322,Alexandria,"Alexandria(14), Waterloo(11)",0.319,28.5,27.2,56.4,256.8,4.3
Z0419,18,-33.870846,151.229242,Darlinghurst,"Darlinghurst(11), Paddington(4), Sydney CBD(3)",0.213,19.4,17.9,44.5,130.2,2.2
Z0420,24,-33.882777,151.22614,Darlinghurst,"Darlinghurst(10), Paddington(10), Surry Hills(4)",0.281,20.5,18.4,47.0,180.2,3.0
Z0421,20,-33.893341,151.237604,Paddington,Paddington(20),0.38,44.6,41.6,96.4,298.3,5.0
Z0422,19,-33.92148,151.256582,Coogee,Coogee(19),0.247,23.6,21.6,47.9,176.4,2.9
Z0423,20,-33.893383,151.263958,Bondi,Bondi(20),0.259,27.6,26.3,57.7,281.5,4.7
Z0424,23,-33.945855,151.267174,Maroubra,"Maroubra(20), Coogee(3)",0.943,87.9,79.3,216.2,726.0,12.1
Z0425,24,-33.889979,151.255658,Bondi,"Bondi(15), Paddington(7), Double Bay(1), Rose Bay(1)",0.794,63.4,63.1,136.2,497.7,8.3
Z0426,23,-33.888761,151.279184,Bondi,"Bondi(22), Rose Bay(1)",0.289,27.0,24.8,62.9,257.6,4.3
Z0427,21,-33.921172,151.225869,Kensington,Kensington(21),0.289,28.1,25.8,49.7,211.9,3.5
Z0428,25,-33.906326,151.201165,Alexandria,"Alexandria(13), Waterloo(11), Surry Hills(1)",0.214,20.2,19.8,39.0,170.0,2.8
Z0429,20,-33.888914,151.229304,Paddington,"Paddington(15), Surry Hills(3), Darlinghurst(2)",0.195,22.8,23.0,45.8,155.3,2.6
Z0430,18,-33.877541,151.238521,Paddington,"Paddington(8), Double Bay(6), Darlinghurst(3), Sydney CBD(1)",0.337,27.3,24.0,62.0,158.6,2.6
Z0431,25,-33.855625,151.214581,Sydney CBD,"Sydney CBD(24), Darlinghurst(1)",0.455,50.6,51.3,101.6,476.1,7.9
Z0432,17,-33.91249,151.255136,Coogee,Coogee(17),0.318,32.0,33.0,62.0,179.3,3.0
Z0433,20,-33.872962,151.217065,Darlinghurst,"Darlinghurst(12), Sydney CBD(5), Surry Hills(2), Paddington(1)",0.244,20.7,19.4,42.0,140.5,2.3
Z0434,16,-33.868878,151.197033,Sydney CBD,"Sydney CBD(12), Glebe(4)",0.256,26.6,25.5,60.9,208.3,3.5
Z0435,18,-33.913344,151.178682,Alexandria,Alexandria(18),1.029,86.3,75.2,175.0,634.6,10.6
Z0436,20,-33.86848,151.223274,Darlinghurst,"Darlinghurst(11), Sydney CBD(7), Paddington(2)",1.328,46.5,18.0,220.7,388.2,6.5
Z0437,17,-33.905947,151.207846,Waterloo,"Waterloo(9), Alexandria(5), Surry Hills(3)",0.264,22.1,22.0,57.2,155.5,2.6
Z0438,16,-33.928957,151.215757,Kensington,Kensington(16),0.935,55.1,48.1,132.5,505.8,8.4
Z0439,16,-33.88747,151.224589,Paddington,"Paddington(9), Darlinghurst(4), Surry Hills(3)",0.156,18.0,15.9,40.3,109.8,1.8
Z0440,21,-33.87621,151.188016,Glebe,"Glebe(19), Sydney CBD(2)",0.241,26.9,26.3,55.7,175.0,2.9
Z0441,19,-33.893139,151.291609,Bondi,Bondi(19),0.891,44.4,34.8,162.9,297.5,5.0
Z0442,16,-33.935606,151.238808,Maroubra,"Maroubra(13), Coogee(3)",0.633,52.8,53.3,109.8,388.6,6.5
Z0443,15,-33.923894,151.254681,Coogee,Coogee(15),1.133,61.8,41.4,206.6,421.8,7.0
Z0444,15,-33.95827,151.240141,Maroubra,Maroubra(15),0.308,32.6,31.0,79.7,231.8,3.9
Z0445,16,-33.899029,151.250641,Bondi,"Bondi(6), Paddington(5), Coogee(4), Double Bay(1)",0.857,86.7,87.3,155.7,476.6,7.9
Z0446,19,-33.884463,151.186762,Glebe,"Glebe(16), Sydney CBD(1), Surry Hills(1), Alexandria(1)",0.267,24.4,23.7,54.2,199.2,3.3
Z0447,14,-33.886196,151.207656,Surry Hills,"Surry Hills(10), Sydney CBD(2), Paddington(1), Waterloo(1)",0.167,15.7,14.4,30.5,128.8,2.1
Z0448,20,-33.937631,151.269638,Maroubra,"Maroubra(12), Coogee(8)",0.873,67.0,59.9,135.8,585.0,9.8
Z0449,21,-33.897068,151.182064,Glebe,"Glebe(10), Alexandria(9), Waterloo(1), Surry Hills(1)",0.404,39.7,40.8,86.5,345.0,5.8
Z0450,18,-33.907386,151.214991,Waterloo,"Waterloo(9), Kensington(5), Alexandria(2), Surry Hills(1), Paddington(1)",0.373,28.7,30.0,60.0,211.9,3.5
Z0451,15,-33.956823,151.254941,Maroubra,Maroubra(15),0.347,28.0,27.7,58.7,247.2,4.1
Z0452,15,-33.893296,151.269765,Bondi,Bondi(15),0.535,37.2,29.9,105.6,298.2,5.0
Z0453,19,-33.864429,151.280252,Rose Bay,"Rose Bay(17), Bondi(2)",1.028,57.4,43.5,197.6,508.7,8.5
Z0454,22,-33.904801,151.214887,Waterloo,"Waterloo(15), Kensington(3), Surry Hills(2), Alexandria(2)",0.324,28.1,29.8,67.8,207.2,3.5
Z0455,24,-33.872102,151.187743,Glebe,"Glebe(21), Sydney CBD(3)",0.382,32.0,31.3,60.5,252.3,4.2
Z0456,15,-33.933937,151.231421,Maroubra,"Maroubra(7), Kensington(7), Coogee(1)",0.812,84.9,78.9,169.6,493.8,8.2
Z0457,15,-33.908164,151.246942,Coogee,Coogee(15),0.594,51.8,47.3,103.1,366.6,6.1
Z0458,19,-33.917021,151.195154,Alexandria,Alexandria(19),0.315,34.9,33.7,76.0,257.7,4.3
Z0459,20,-33.955379,151.239512,Maroubra,Maroubra(20),0.353,39.1,40.9,83.7,244.1,4.1
Z0460,22,-33.89086,151.195184,Surry Hills,"Surry Hills(11), Glebe(6), Waterloo(3), Alexandria(2)",0.257,26.0,25.0,52.6,180.1,3.0
Z0461,22,-33.872355,151.223561,Darlinghurst,"Darlinghurst(12), Sydney CBD(6), Paddington(3), Surry Hills(1)",0.235,25.5,23.1,47.3,171.5,2.9
Z0462,18,-33.888311,151.194821,Surry Hills,"Surry Hills(7), Sydney CBD(4), Glebe(4), Waterloo(2), Alexandria(1)",0.257,22.2,18.9,56.4,222.2,3.7
Z0463,22,-33.893668,151.191945,Alexandria,"Alexandria(7), Waterloo(5), Surry Hills(5), Glebe(4), Sydney CBD(1)",0.339,28.8,27.3,61.2,275.9,4.6
Z0464,18,-33.866837,151.226118,Darlinghurst,"Darlinghurst(10), Sydney CBD(7), Paddington(1)",0.389,37.9,37.7,73.2,281.8,4.7
Z0465,19,-33.923049,151.266817,Coogee,Coogee(19),0.456,41.3,36.8,90.8,307.7,5.1
Z0466,23,-33.855102,151.202957,Sydney CBD,Sydney CBD(23),0.583,53.3,50.7,108.8,374.8,6.2
Z0467,21,-33.870848,151.209851,Sydney CBD,"Sydney CBD(11), Darlinghurst(7), Surry Hills(3)",0.264,30.3,31.0,59.9,257.7,4.3
Z0468,16,-33.874984,151.225286,Paddington,"Paddington(7), Darlinghurst(5), Sydney CBD(3), Surry Hills(1)",0.237,16.7,15.5,33.9,137.9,2.3
Z0469,19,-33.890297,151.283151,Bondi,"Bondi(18), Rose Bay(1)",0.295,27.4,26.0,60.2,218.3,3.6
Z0470,23,-33.883879,151.253563,Double Bay,"Double Bay(13), Bondi(4), Paddington(3), Rose Bay(3)",0.466,44.2,42.6,113.4,428.2,7.1
Z0471,19,-33.919061,151.258807,Coogee,Coogee(19),0.284,29.0,29.1,51.5,165.8,2.8
Z0472,19,-33.875012,151.269091,Rose Bay,"Rose Bay(15), Bondi(4)",0.34,26.4,24.4,59.1,236.8,3.9
Z0473,19,-33.897598,151.224179,Surry Hills,"Surry Hills(13), Paddington(6)",0.364,37.9,37.7,68.4,252.8,4.2
Z0474,21,-33.948194,151.258144,Maroubra,Maroubra(21),0.319,26.0,21.1,56.4,252.2,4.2
Z0475,15,-33.929766,151.252308,Coogee,"Coogee(13), Maroubra(2)",0.331,32.0,28.6,61.8,227.2,3.8
Z0476,25,-33.92232,151.26298,Coogee,Coogee(25),0.352,27.8,27.1,67.8,233.1,3.9
Z0477,18,-33.881554,151.202872,Surry Hills,"Surry Hills(9), Sydney CBD(5), Glebe(3), Waterloo(1)",0.191,21.5,22.1,40.8,160.5,2.7
Z0478,19,-33.896482,151.190911,Alexandria,"Alexandria(13), Waterloo(3), Surry Hills(2), Glebe(1)",0.25,23.5,25.1,60.1,194.8,3.2
Z0479,15,-33.873478,151.203481,Sydney CBD,"Sydney CBD(5), Surry Hills(5), Darlinghurst(2), Glebe(2), Paddington(1)",0.483,35.1,32.1,80.1,182.1,3.0
Z0480,19,-33.916378,151.217497,Kensington,"Kensington(17), Waterloo(2)",0.75,56.4,54.1,134.7,355.5,5.9
Z0481,24,-33.953086,151.250906,Maroubra,Maroubra(24),0.265,29.8,31.5,52.3,222.8,3.7
Z0482,25,-33.862486,151.264233,Rose Bay,"Rose Bay(24), Bondi(1)",0.743,57.1,52.5,139.1,507.4,8.5
Z0483,25,-33.870076,151.226092,Darlinghurst,"Darlinghurst(15), Sydney CBD(6), Paddington(4)",0.255,22.5,21.7,49.1,220.3,3.7
Z0484,21,-33.910822,151.213698,Kensington,"Kensington(13), Waterloo(8)",0.291,32.4,31.5,71.8,225.1,3.8
Z0485,18,-33.867786,151.186179,Sydney CBD,"Sydney CBD(10), Glebe(8)",0.483,36.5,29.7,99.7,329.9,5.5
Z0486,17,-33.948689,151.249721,Maroubra,Maroubra(17),0.301,25.4,24.2,56.8,173.5,2.9
Z0487,25,-33.868172,151.271732,Rose Bay,Rose Bay(25),0.414,40.4,40.8,77.7,299.2,5.0
Z0488,21,-33.877195,151.234919,Paddington,"Paddington(12), Double Bay(5), Darlinghurst(4)",0.243,23.7,23.6,42.9,197.8,3.3
Z0489,24,-33.864638,151.25607,Rose Bay,"Rose Bay(17), Double Bay(6), Sydney CBD(1)",0.704,64.2,62.4,116.9,542.2,9.0
Z0490,25,-33.891347,151.205589,Waterloo,"Waterloo(11), Surry Hills(10), Sydney CBD(2), Alexandria(2)",0.185,16.5,15.0,32.0,159.9,2.7
Z0491,19,-33.88136,151.259263,Rose Bay,"Rose Bay(8), Bondi(8), Double Bay(3)",0.406,35.7,27.3,71.1,257.7,4.3
Z0492,18,-33.896077,151.286584,Bondi,Bondi(18),0.459,38.2,40.3,83.0,325.3,5.4
Z0493,17,-33.883481,151.24831,Double Bay,"Double Bay(15), Paddington(1), Rose Bay(1)",0.566,38.6,33.6,98.2,268.2,4.5
Z0494,22,-33.878892,151.201366,Sydney CBD,"Sydney CBD(7), Surry Hills(7), Glebe(7), Darlinghurst(1)",0.306,26.3,27.3,57.0,250.6,4.2
Z0495,18,-33.884941,151.193799,Glebe,"Glebe(12), Sydney CBD(3), Surry Hills(3)",0.304,27.9,30.2,50.8,193.1,3.2
Z0496,17,-33.914316,151.185629,Alexandria,Alexandria(17),0.566,50.0,50.4,97.1,504.7,8.4
Z0497,19,-33.916488,151.224712,Kensington,Kensington(19),0.275,18.4,18.0,37.7,166.1,2.8
Z0498,15,-33.914928,151.223837,Kensington,Kensington(15),0.244,21.3,20.7,48.5,167.5,2.8
Z0499,15,-33.911327,151.227034,Kensington,Kensington(15),0.201,19.2,20.6,42.8,128.9,2.1
Z0500,18,-33.912797,151.225871,Kensington,"Kensington(17), Waterloo(1)",0.296,26.5,25.6,61.8,183.5,3.1
Z0501,24,-33.918461,151.224655,Kensington,Kensington(24),0.277,24.3,24.1,46.7,200.2,3.3
Z0502,19,-33.916417,151.226536,Kensington,Kensington(19),0.351,31.0,28.4,60.2,189.6,3.2
Z0503,22,-33.91007,151.224384,Kensington,Kensington(22),0.274,26.8,27.1,48.2,179.5,3.0
Z0504,21,-33.911528,151.222192,Kensington,Kensington(21),0.333,26.5,25.2,49.6,256.6,4.3
Z0505,24,-33.913909,151.229443,Kensington,Kensington(24),0.249,27.9,25.3,65.9,223.4,3.7
Z0506,17,-33.910945,151.230553,Kensington,"Kensington(16), Paddington(1)",0.362,38.4,37.6,84.6,271.9,4.5
Z0507,16,-33.91648,151.228167,Kensington,"Kensington(15), Waterloo(1)",0.239,21.0,19.7,41.6,133.4,2.2
Z0508,17,-33.916335,151.233604,Kensington,Kensington(17),0.256,22.2,23.3,40.2,171.9,2.9
Z0509,24,-33.913782,151.234493,Kensington,Kensington(24),0.385,36.3,35.5,76.5,293.5,4.9
Z0510,19,-33.913931,151.221528,Kensington,"Kensington(18), Waterloo(1)",0.313,25.5,25.7,49.3,216.2,3.6
Z0511,15,-33.909618,151.227457,Kensington,"Kensington(14), Waterloo(1)",0.824,81.1,78.5,160.3,381.3,6.4
Z0512,22,-33.952069,151.254559,Maroubra,Maroubra(22),0.333,27.5,25.6,63.5,217.6,3.6
Z0513,16,-33.943945,151.255857,Maroubra,Maroubra(16),0.393,31.1,31.2,58.2,209.2,3.5
Z0514,18,-33.945469,151.255429,Maroubra,Maroubra(18),0.46,43.6,45.0,84.4,253.2,4.2
Z0515,16,-33.956348,151.250356,Maroubra,Maroubra(16),0.68,36.7,28.8,115.0,242.5,4.0
Z0516,25,-33.955577,151.261183,Maroubra,Maroubra(25),0.463,51.3,55.0,97.2,385.4,6.4
Z0517,25,-33.951865,151.262153,Maroubra,Maroubra(25),0.818,56.5,49.7,142.5,519.4,8.7
Z0518,25,-33.940896,151.258956,Maroubra,"Maroubra(23), Coogee(2)",0.511,35.7,29.9,81.7,346.3,5.8
Z0519,18,-33.937832,151.251699,Maroubra,Maroubra(18),0.912,54.3,38.5,157.6,359.7,6.0
Z0520,16,-33.919402,151.253009,Coogee,Coogee(16),0.237,19.2,17.7,41.1,153.7,2.6
Z0521,15,-33.920539,151.253762,Coogee,Coogee(15),0.442,35.4,32.6,75.3,205.8,3.4
Z0522,15,-33.913608,151.259623,Coogee,Coogee(15),0.288,20.8,19.3,53.4,133.3,2.2
Z0523,21,-33.91262,151.258467,Coogee,"Coogee(19), Bondi(2)",0.45,48.3,53.8,90.7,245.3,4.1
Z0524,19,-33.901968,151.275268,Bondi,Bondi(19),0.436,30.5,26.1,73.3,286.7,4.8
Z0525,25,-33.885888,151.275163,Bondi,"Bondi(24), Rose Bay(1)",0.32,28.4,29.1,61.5,235.0,3.9
Z0526,20,-33.882558,151.281607,Bondi,"Bondi(16), Rose Bay(4)",0.937,48.2,46.0,115.0,424.9,7.1
Z0527,15,-33.883699,151.267326,Bondi,"Bondi(11), Rose Bay(4)",0.33,32.8,31.1,67.7,189.1,3.2
Z0528,21,-33.885252,151.271705,Bondi,"Bondi(19), Rose Bay(2)",0.31,29.2,29.9,58.7,206.4,3.4
Z0529,20,-33.882892,151.278177,Bondi,"Bondi(16), Rose Bay(4)",0.345,28.1,26.6,60.6,226.7,3.8
Z0530,19,-33.871548,151.27387,Rose Bay,"Rose Bay(18), Bondi(1)",0.254,27.6,28.2,52.2,199.8,3.3
Z0531,20,-33.872814,151.276843,Rose Bay,"Rose Bay(18), Bondi(2)",0.382,36.8,37.0,71.8,245.0,4.1
Z0532,24,-33.876672,151.274922,Rose Bay,"Rose Bay(15), Bondi(9)",0.268,26.3,23.4,53.2,233.1,3.9
Z0533,25,-33.869225,151.267249,Rose Bay,"Rose Bay(24), Bondi(1)",0.312,29.4,28.2,53.4,270.6,4.5
Z0534,17,-33.872743,151.228434,Paddington,"Paddington(7), Darlinghurst(6), Sydney CBD(2), Surry Hills(1), Double Bay(1)",0.216,18.8,16.3,42.6,165.1,2.8
Z0535,16,-33.877394,151.216254,Darlinghurst,"Darlinghurst(11), Sydney CBD(4), Surry Hills(1)",0.161,9.7,8.4,22.7,81.7,1.4
Z0536,18,-33.904891,151.230985,Kensington,"Kensington(16), Paddington(2)",0.472,35.5,36.2,85.3,292.9,4.9
Z0537,23,-33.902717,151.237041,Kensington,"Kensington(11), Paddington(9), Coogee(2), Surry Hills(1)",0.624,71.3,69.8,160.0,579.7,9.7
Z0538,17,-33.90695,151.203836,Waterloo,"Waterloo(8), Alexandria(7), Surry Hills(2)",0.243,27.1,26.6,48.1,176.7,2.9
Z0539,17,-33.903407,151.192484,Alexandria,"Alexandria(15), Waterloo(2)",0.198,17.2,16.3,32.6,134.2,2.2
Z0540,25,-33.905087,151.193464,Alexandria,"Alexandria(19), Waterloo(4), Surry Hills(1), Glebe(1)",0.304,23.8,22.8,48.0,202.4,3.4
Z0541,25,-33.904374,151.205568,Waterloo,"Waterloo(21), Alexandria(4)",0.261,20.8,20.1,41.6,179.7,3.0
Z0542,17,-33.898576,151.195055,Alexandria,"Alexandria(8), Waterloo(6), Surry Hills(2), Glebe(1)",0.557,43.6,39.0,97.8,234.5,3.9
Z0543,15,-33.898955,151.193942,Alexandria,"Alexandria(12), Surry Hills(1), Waterloo(1), Glebe(1)",0.232,17.2,15.4,36.4,123.2,2.1
Z0544,13,-33.890584,151.220394,Surry Hills,"Surry Hills(7), Paddington(4), Sydney CBD(1), Darlinghurst(1)",0.211,18.3,17.7,34.8,91.3,1.5
Z0545,23,-33.902146,151.214756,Surry Hills,"Surry Hills(13), Waterloo(5), Kensington(3), Sydney CBD(1), Paddington(1)",0.661,46.3,37.2,123.7,354.5,5.9
Z0546,25,-33.899729,151.213359,Surry Hills,"Surry Hills(10), Waterloo(10), Paddington(2), Alexandria(2), Kensington(1)",0.298,23.8,25.7,51.7,255.1,4.3
Z0547,23,-33.901196,151.201914,Waterloo,"Waterloo(16), Alexandria(4), Surry Hills(3)",0.219,21.2,20.4,41.9,187.5,3.1
Z0548,23,-33.909612,151.209134,Waterloo,"Waterloo(11), Alexandria(8), Surry Hills(3), Kensington(1)",0.385,30.9,33.2,61.7,250.5,4.2
Z0549,16,-33.914302,151.207298,Alexandria,"Alexandria(6), Waterloo(5), Surry Hills(3), Kensington(2)",0.899,82.3,68.5,164.5,397.5,6.6
Z0550,21,-33.891425,151.232952,Paddington,"Paddington(15), Surry Hills(4), Darlinghurst(2)",0.26,22.9,24.7,51.8,197.6,3.3
Z0551,15,-33.887165,151.234029,Paddington,"Paddington(11), Double Bay(2), Darlinghurst(1), Sydney CBD(1)",0.485,44.1,31.0,89.8,170.9,2.8
Z0552,25,-33.896022,151.202534,Waterloo,"Waterloo(11), Surry Hills(7), Alexandria(7)",0.146,19.3,20.2,36.2,147.2,2.5
Z0553,22,-33.900306,151.207758,Waterloo,"Waterloo(15), Surry Hills(6), Alexandria(1)",0.207,15.8,15.7,34.4,126.5,2.1
Z0554,16,-33.886143,151.224982,Paddington,"Paddington(9), Darlinghurst(4), Surry Hills(3)",0.2,17.2,16.2,36.7,116.7,1.9
Z0555,25,-33.895527,151.19623,Waterloo,"Waterloo(8), Alexandria(8), Surry Hills(6), Glebe(3)",0.213,21.8,22.1,39.4,175.4,2.9
Z0556,25,-33.895807,151.228301,Paddington,"Paddington(19), Surry Hills(4), Kensington(2)",0.381,31.2,33.0,64.9,273.6,4.6
Z0557,23,-33.903953,151.224875,Kensington,"Kensington(15), Surry Hills(5), Paddington(3)",0.369,31.0,28.4,62.9,261.5,4.4
Z0558,18,-33.90541,151.227637,Kensington,"Kensington(13), Paddington(4), Waterloo(1)",0.404,36.1,35.6,70.2,195.2,3.3
Z0559,20,-33.908037,151.229392,Kensington,Kensington(20),0.288,30.7,28.1,64.0,246.3,4.1
Z0560,22,-33.907563,151.225586,Kensington,"Kensington(20), Surry Hills(1), Paddington(1)",0.294,23.9,20.5,61.5,241.1,4.0
Z0561,19,-33.898106,151.2063,Surry Hills,"Surry Hills(10), Waterloo(8), Paddington(1)",0.19,13.5,13.2,24.2,113.3,1.9
Z0562,17,-33.897993,151.208461,Waterloo,"Waterloo(9), Surry Hills(6), Alexandria(2)",0.302,24.1,24.2,51.9,146.1,2.4
Z0563,25,-33.904458,151.203236,Waterloo,"Waterloo(17), Alexandria(6), Surry Hills(2)",0.257,17.7,16.1,36.9,190.8,3.2
Z0564,19,-33.898047,151.204848,Waterloo,"Waterloo(15), Surry Hills(2), Alexandria(2)",0.201,15.5,16.2,40.8,126.8,2.1
Z0565,18,-33.89896,151.203461,Waterloo,"Waterloo(8), Alexandria(6), Surry Hills(4)",0.198,17.8,16.0,43.8,146.1,2.4
Z0566,22,-33.902896,151.202484,Alexandria,"Alexandria(14), Waterloo(6), Surry Hills(2)",0.232,19.4,19.7,36.4,186.1,3.1
Z0567,16,-33.907109,151.20269,Waterloo,"Waterloo(7), Alexandria(6), Kensington(2), Surry Hills(1)",0.296,22.6,19.5,67.3,129.5,2.2
Z0568,17,-33.898303,151.216021,Waterloo,"Waterloo(10), Surry Hills(5), Paddington(2)",0.264,23.9,22.4,45.9,189.9,3.2
Z0569,24,-33.895897,151.21685,Surry Hills,"Surry Hills(11), Paddington(6), Waterloo(5), Alexandria(2)",0.318,28.4,25.9,57.2,200.9,3.3
Z0570,15,-33.89889,151.208076,Waterloo,"Waterloo(8), Surry Hills(5), Alexandria(2)",0.419,24.6,20.4,65.5,142.1,2.4
Z0571,22,-33.898997,151.210448,Surry Hills,"Surry Hills(11), Waterloo(10), Kensington(1)",0.262,22.2,23.0,41.9,152.7,2.5
Z0572,18,-33.891705,151.216201,Surry Hills,"Surry Hills(13), Paddington(3), Waterloo(2)",0.182,19.4,18.7,47.7,167.5,2.8
Z0573,17,-33.902184,151.206931,Waterloo,"Waterloo(12), Surry Hills(4), Alexandria(1)",0.238,15.4,13.8,41.3,110.8,1.8
Z0574,17,-33.896231,151.209447,Waterloo,"Waterloo(10), Surry Hills(7)",0.181,19.8,18.5,40.6,147.9,2.5
Z0575,25,-33.897137,151.211382,Surry Hills,"Surry Hills(14), Waterloo(9), Paddington(1), Alexandria(1)",0.203,19.5,16.2,45.1,173.9,2.9
Z0576,20,-33.893558,151.212428,Surry Hills,"Surry Hills(10), Waterloo(5), Sydney CBD(3), Paddington(2)",0.446,27.9,25.2,67.6,214.4,3.6
Z0577,19,-33.895438,151.214285,Waterloo,"Waterloo(9), Surry Hills(6), Paddington(3), Alexandria(1)",0.589,49.1,34.9,110.9,288.8,4.8
Z0578,23,-33.892673,151.210063,Surry Hills,"Surry Hills(16), Waterloo(6), Darlinghurst(1)",0.19,16.1,17.2,30.3,157.2,2.6
Z0579,15,-33.890133,151.210768,Surry Hills,"Surry Hills(8), Sydney CBD(2), Paddington(2), Waterloo(2), Darlinghurst(1)",0.447,22.6,14.8,82.3,233.1,3.9
Z0580,23,-33.895227,151.212107,Surry Hills,"Surry Hills(13), Waterloo(6), Paddington(2), Sydney CBD(1), Darlinghurst(1)",0.175,17.6,15.9,41.6,150.8,2.5
Z0581,15,-33.895128,151.213863,Surry Hills,"Surry Hills(9), Waterloo(5), Paddington(1)",0.254,20.5,19.2,44.8,115.1,1.9
Z0582,16,-33.891234,151.198602,Surry Hills,"Surry Hills(5), Waterloo(5), Alexandria(4), Sydney CBD(1), Glebe(1)",0.219,18.5,16.9,36.3,118.8,2.0
Z0583,16,-33.874351,151.219974,Darlinghurst,"Darlinghurst(9), Sydney CBD(3), Paddington(3), Surry Hills(1)",0.143,14.5,14.2,30.6,92.7,1.5
Z0584,22,-33.900832,151.192855,Alexandria,"Alexandria(15), Waterloo(6), Surry Hills(1)",0.201,17.7,17.6,32.5,169.6,2.8
Z0585,22,-33.901285,151.190626,Alexandria,"Alexandria(19), Waterloo(2), Glebe(1)",0.211,22.1,22.3,39.2,136.0,2.3
Z0586,25,-33.88255,151.230763,Paddington,"Paddington(17), Darlinghurst(6), Surry Hills(1), Sydney CBD(1)",0.243,22.0,21.6,44.2,180.3,3.0
Z0587,25,-33.902878,151.220374,Kensington,"Kensington(10), Surry Hills(9), Waterloo(6)",0.377,37.2,33.7,103.5,361.5,6.0
Z0588,20,-33.880674,151.191976,Glebe,"Glebe(12), Sydney CBD(5), Surry Hills(3)",0.262,23.8,20.6,50.3,198.0,3.3
Z0589,16,-33.876333,151.253316,Double Bay,"Double Bay(13), Rose Bay(2), Sydney CBD(1)",0.295,28.5,28.7,56.4,172.6,2.9
Z0590,14,-33.87899,151.224325,Paddington,"Paddington(6), Darlinghurst(5), Sydney CBD(2), Surry Hills(1)",0.134,12.7,12.0,32.6,83.2,1.4
Z0591,15,-33.900493,151.17615,Alexandria,"Alexandria(11), Glebe(3), Sydney CBD(1)",1.484,102.2,81.0,257.7,719.0,12.0
Z0592,22,-33.880207,151.23036,Paddington,"Paddington(14), Darlinghurst(8)",0.392,23.0,19.9,63.5,226.8,3.8
Z0593,16,-33.887049,151.219784,Surry Hills,"Surry Hills(8), Darlinghurst(3), Sydney CBD(2), Paddington(2), Waterloo(1)",0.226,18.3,18.4,36.0,126.7,2.1
Z0594,24,-33.885857,151.222149,Darlinghurst,"Darlinghurst(9), Surry Hills(6), Paddington(6), Sydney CBD(3)",0.173,17.7,17.7,35.5,138.1,2.3
Z0595,17,-33.888196,151.222139,Paddington,"Paddington(6), Surry Hills(5), Darlinghurst(5), Sydney CBD(1)",0.228,23.4,18.1,48.7,152.9,2.5
Z0596,15,-33.888757,151.223756,Paddington,"Paddington(10), Darlinghurst(4), Surry Hills(1)",0.173,19.8,19.4,41.4,109.1,1.8
Z0597,16,-33.893324,151.205425,Waterloo,"Waterloo(7), Surry Hills(6), Alexandria(2), Sydney CBD(1)",0.25,19.0,18.4,43.4,153.7,2.6
Z0598,15,-33.893753,151.203839,Waterloo,"Waterloo(7), Surry Hills(5), Alexandria(3)",0.293,23.6,25.1,50.8,163.4,2.7
Z0599,24,-33.883621,151.208378,Surry Hills,"Surry Hills(15), Darlinghurst(4), Sydney CBD(3), Paddington(2)",0.21,20.4,23.0,43.5,203.3,3.4
Z0600,24,-33.87683,151.241589,Double Bay,"Double Bay(17), Paddington(4), Darlinghurst(2), Sydney CBD(1)",0.299,23.5,21.7,49.3,244.8,4.1
Z0601,20,-33.900306,151.205129,Waterloo,"Waterloo(13), Surry Hills(4), Alexandria(2), Sydney CBD(1)",0.168,15.6,14.4,43.7,128.2,2.1
Z0602,21,-33.902282,151.204511,Waterloo,"Waterloo(13), Surry Hills(6), Alexandria(2)",0.253,20.3,20.0,40.0,154.0,2.6
Z0603,15,-33.901284,151.20585,Waterloo,"Waterloo(9), Surry Hills(4), Alexandria(2)",0.118,12.6,10.9,25.4,94.1,1.6
Z0604,19,-33.878489,151.230395,Paddington,"Paddington(7), Darlinghurst(6), Surry Hills(3), Sydney CBD(3)",0.199,15.7,16.1,37.9,125.5,2.1
Z0605,25,-33.877637,151.232171,Paddington,"Paddington(15), Darlinghurst(6), Sydney CBD(3), Double Bay(1)",0.216,22.3,22.6,51.2,234.4,3.9
Z0606,17,-33.8821,151.212203,Surry Hills,"Surry Hills(7), Darlinghurst(4), Sydney CBD(3), Paddington(3)",0.249,18.9,18.4,42.3,123.4,2.1
Z0607,21,-33.8811,151.214389,Surry Hills,"Surry Hills(7), Darlinghurst(7), Paddington(4), Sydney CBD(2), Waterloo(1)",0.172,19.8,19.0,39.6,158.5,2.6
Z0608,21,-33.886998,151.213625,Surry Hills,"Surry Hills(9), Darlinghurst(4), Sydney CBD(3), Waterloo(3), Paddington(2)",0.21,18.1,18.5,36.9,158.3,2.6
Z0609,21,-33.886425,151.215199,Surry Hills,"Surry Hills(10), Paddington(4), Darlinghurst(4), Sydney CBD(2), Waterloo(1)",0.217,24.0,22.8,52.9,183.5,3.1
Z0610,19,-33.876992,151.244369,Double Bay,"Double Bay(16), Paddington(2), Sydney CBD(1)",0.253,21.3,19.9,44.5,177.8,3.0
Z0611,18,-33.878961,151.245286,Double Bay,"Double Bay(10), Paddington(7), Sydney CBD(1)",0.276,20.0,15.3,52.2,152.0,2.5
Z0612,19,-33.88647,151.209226,Surry Hills,"Surry Hills(13), Waterloo(2), Darlinghurst(2), Sydney CBD(1), Glebe(1)",0.208,20.3,20.7,34.9,131.7,2.2
Z0613,21,-33.895421,151.204765,Waterloo,"Waterloo(12), Surry Hills(4), Darlinghurst(2), Alexandria(2), Sydney CBD(1)",0.149,13.8,13.3,33.4,134.5,2.2
Z0614,21,-33.896752,151.205462,Waterloo,"Waterloo(12), Alexandria(5), Surry Hills(4)",0.181,16.5,16.5,37.2,120.1,2.0
Z0615,25,-33.88937,151.231553,Paddington,"Paddington(22), Sydney CBD(1), Darlinghurst(1), Double Bay(1)",0.199,20.7,19.5,39.3,188.0,3.1
Z0616,15,-33.892829,151.234033,Paddington,"Paddington(11), Sydney CBD(2), Surry Hills(2)",0.53,32.6,26.8,79.8,227.4,3.8
Z0617,20,-33.878241,151.227477,Paddington,"Paddington(10), Darlinghurst(7), Sydney CBD(1), Surry Hills(1), Double Bay(1)",0.194,15.9,13.6,35.5,117.9,2.0
Z0618,24,-33.87706,151.225272,Darlinghurst,"Darlinghurst(17), Paddington(4), Sydney CBD(2), Surry Hills(1)",0.187,15.6,16.5,29.3,140.9,2.3
Z0619,16,-33.901796,151.192634,Alexandria,"Alexandria(10), Surry Hills(3), Waterloo(2), Darlinghurst(1)",3.168,204.5,153.3,706.1,1269.2,21.2
Z0620,21,-33.881077,151.217448,Surry Hills,"Surry Hills(11), Darlinghurst(5), Sydney CBD(3), Paddington(2)",0.215,19.9,18.5,45.0,144.0,2.4
Z0621,19,-33.877634,151.220361,Darlinghurst,"Darlinghurst(11), Sydney CBD(4), Paddington(4)",0.171,15.7,14.6,31.4,103.3,1.7
Z0622,20,-33.876723,151.221515,Darlinghurst,"Darlinghurst(14), Paddington(5), Surry Hills(1)",0.176,14.8,15.2,29.7,114.5,1.9
Z0623,20,-33.883278,151.212972,Surry Hills,"Surry Hills(11), Darlinghurst(5), Waterloo(2), Sydney CBD(1), Paddington(1)",0.18,19.5,17.3,38.9,143.0,2.4
Z0624,23,-33.88422,151.21476,Surry Hills,"Surry Hills(14), Darlinghurst(7), Paddington(1), Glebe(1)",0.212,16.1,14.1,43.0,128.1,2.1
Z0625,18,-33.893557,151.216193,Surry Hills,"Surry Hills(12), Waterloo(4), Sydney CBD(1), Paddington(1)",0.17,16.3,15.7,35.3,137.8,2.3
Z0626,21,-33.893898,151.21824,Surry Hills,"Surry Hills(14), Darlinghurst(3), Paddington(2), Waterloo(2)",0.218,21.6,21.2,41.2,184.1,3.1
Z0627,15,-33.888145,151.220334,Surry Hills,"Surry Hills(8), Paddington(4), Sydney CBD(2), Darlinghurst(1)",0.195,20.2,19.2,40.0,123.5,2.1
Z0628,15,-33.890597,151.221023,Surry Hills,"Surry Hills(7), Paddington(4), Waterloo(2), Sydney CBD(1), Darlinghurst(1)",0.633,43.5,38.1,111.4,284.3,4.7
Z0629,17,-33.880012,151.218335,Darlinghurst,"Darlinghurst(6), Paddington(5), Surry Hills(3), Sydney CBD(3)",0.203,17.4,18.4,35.3,110.3,1.8
Z0630,19,-33.879901,151.21974,Darlinghurst,"Darlinghurst(9), Surry Hills(4), Paddington(4), Sydney CBD(2)",0.219,20.7,19.7,39.9,145.0,2.4
Z0631,23,-33.872933,151.184498,Glebe,"Glebe(20), Sydney CBD(3)",0.359,30.1,27.4,56.5,246.5,4.1
Z0632,19,-33.876836,151.25076,Double Bay,"Double Bay(18), Rose Bay(1)",0.307,25.8,23.6,66.1,194.8,3.2
Z0633,20,-33.870236,151.22281,Darlinghurst,"Darlinghurst(15), Sydney CBD(5)",0.172,17.7,19.1,30.9,168.7,2.8
Z0634,19,-33.88191,151.216396,Surry Hills,"Surry Hills(9), Darlinghurst(4), Paddington(4), Sydney CBD(2)",0.27,23.6,25.3,46.9,162.8,2.7
Z0635,25,-33.883343,151.21664,Surry Hills,"Surry Hills(10), Darlinghurst(7), Paddington(6), Sydney CBD(2)",0.151,10.6,10.3,25.4,128.9,2.1
Z0636,22,-33.885142,151.220031,Darlinghurst,"Darlinghurst(8), Paddington(7), Surry Hills(6), Sydney CBD(1)",0.142,15.0,14.9,31.8,141.7,2.4
Z0637,18,-33.883529,151.22107,Surry Hills,"Surry Hills(7), Darlinghurst(5), Paddington(5), Sydney CBD(1)",0.14,14.0,13.5,27.6,115.0,1.9
Z0638,16,-33.884507,151.222244,Paddington,"Paddington(7), Darlinghurst(7), Surry Hills(1), Sydney CBD(1)",0.238,19.7,18.5,68.2,180.8,3.0
Z0639,14,-33.903326,151.20832,Waterloo,"Waterloo(8), Alexandria(4), Surry Hills(2)",0.202,15.2,13.8,35.1,103.2,1.7
Z0640,15,-33.875945,151.208962,Sydney CBD,"Sydney CBD(6), Surry Hills(4), Darlinghurst(4), Paddington(1)",0.533,43.9,41.8,92.6,184.1,3.1
Z0641,23,-33.873243,151.211615,Darlinghurst,"Darlinghurst(13), Sydney CBD(7), Surry Hills(3)",0.217,17.2,15.4,37.3,157.2,2.6
Z0642,21,-33.86938,151.219531,Sydney CBD,"Sydney CBD(10), Darlinghurst(8), Paddington(3)",0.196,17.5,16.0,32.4,144.7,2.4
Z0643,19,-33.870918,151.220281,Darlinghurst,"Darlinghurst(12), Paddington(4), Sydney CBD(3)",0.192,20.0,19.4,35.5,117.0,1.9
Z0644,15,-33.875895,151.218076,Darlinghurst,"Darlinghurst(10), Sydney CBD(3), Paddington(2)",0.18,16.8,18.8,27.7,83.4,1.4
Z0645,19,-33.876591,151.216774,Darlinghurst,"Darlinghurst(10), Sydney CBD(6), Surry Hills(2), Paddington(1)",0.185,15.5,12.8,32.1,98.7,1.6
Z0646,17,-33.888949,151.209966,Surry Hills,"Surry Hills(12), Waterloo(3), Sydney CBD(1), Darlinghurst(1)",0.21,20.2,20.8,36.4,129.0,2.1
Z0647,20,-33.878828,151.225722,Darlinghurst,"Darlinghurst(12), Paddington(7), Sydney CBD(1)",0.245,28.4,27.9,55.8,161.4,2.7
Z0648,22,-33.876734,151.223695,Darlinghurst,"Darlinghurst(13), Sydney CBD(4), Paddington(3), Surry Hills(2)",0.168,14.8,12.8,31.8,142.3,2.4
Z0649,23,-33.881774,151.221595,Paddington,"Paddington(9), Darlinghurst(9), Sydney CBD(3), Surry Hills(2)",0.21,19.8,18.7,44.9,179.1,3.0
Z0650,21,-33.882452,151.219429,Darlinghurst,"Darlinghurst(9), Paddington(8), Surry Hills(4)",0.221,19.2,18.0,36.5,138.0,2.3
Z0651,25,-33.884911,151.218195,Surry Hills,"Surry Hills(8), Darlinghurst(7), Paddington(5), Sydney CBD(4), Waterloo(1)",0.197,24.1,22.6,52.7,192.2,3.2
Z0652,23,-33.885745,151.216661,Surry Hills,"Surry Hills(8), Darlinghurst(6), Sydney CBD(5), Paddington(3), Waterloo(1)",0.216,16.7,17.1,37.5,145.9,2.4
Z0653,16,-33.882607,151.210328,Surry Hills,"Surry Hills(10), Darlinghurst(5), Sydney CBD(1)",0.344,27.6,22.6,65.1,166.5,2.8
Z0654,19,-33.881421,151.21068,Surry Hills,"Surry Hills(8), Darlinghurst(6), Sydney CBD(3), Paddington(2)",0.216,21.0,20.1,38.5,128.1,2.1
Z0655,17,-33.874248,151.217869,Darlinghurst,"Darlinghurst(10), Sydney CBD(4), Surry Hills(2), Paddington(1)",0.166,15.2,16.6,35.1,149.1,2.5
Z0656,16,-33.876037,151.21907,Darlinghurst,"Darlinghurst(7), Sydney CBD(6), Surry Hills(2), Paddington(1)",0.433,28.7,15.7,72.1,171.2,2.9
Z0657,20,-33.879386,151.212709,Darlinghurst,"Darlinghurst(8), Surry Hills(7), Sydney CBD(3), Paddington(1), Waterloo(1)",0.18,18.4,18.5,44.0,164.9,2.7
Z0658,21,-33.881706,151.207305,Surry Hills,"Surry Hills(10), Sydney CBD(7), Darlinghurst(3), Waterloo(1)",0.693,48.3,47.9,130.6,349.2,5.8
Z0659,25,-33.878837,151.209657,Surry Hills,"Surry Hills(16), Darlinghurst(4), Sydney CBD(2), Paddington(2), Glebe(1)",0.356,23.2,21.9,58.0,184.0,3.1
Z0660,16,-33.870499,151.199427,Sydney CBD,"Sydney CBD(10), Glebe(4), Surry Hills(2)",0.36,31.2,27.2,65.2,210.0,3.5
Z0661,24,-33.868692,151.203148,Sydney CBD,"Sydney CBD(22), Surry Hills(2)",0.355,24.8,24.5,58.5,293.0,4.9
Z0662,15,-33.872315,151.247512,Double Bay,Double Bay(15),0.26,23.0,21.3,45.5,158.9,2.6
Z0663,22,-33.880243,151.227708,Darlinghurst,"Darlinghurst(10), Paddington(6), Sydney CBD(4), Surry Hills(2)",0.199,19.1,16.5,47.0,162.4,2.7
Z0664,14,-33.898749,151.188528,Alexandria,"Alexandria(10), Surry Hills(2), Waterloo(1), Glebe(1)",0.375,32.4,28.2,73.0,220.6,3.7
Z0665,18,-33.882889,151.194512,Glebe,"Glebe(10), Surry Hills(4), Sydney CBD(3), Alexandria(1)",0.228,20.4,19.8,43.3,181.2,3.0
Z0666,14,-33.874436,151.227232,Darlinghurst,"Darlinghurst(8), Paddington(5), Surry Hills(1)",0.183,15.8,16.2,32.1,101.4,1.7
Z0667,23,-33.88466,151.224983,Paddington,"Paddington(12), Darlinghurst(8), Sydney CBD(2), Surry Hills(1)",0.271,22.1,21.0,51.6,152.3,2.5
Z0668,25,-33.861186,151.215913,Sydney CBD,"Sydney CBD(18), Darlinghurst(7)",0.328,37.2,34.8,80.9,283.9,4.7
Z0669,22,-33.889055,151.217946,Surry Hills,"Surry Hills(11), Paddington(6), Darlinghurst(3), Sydney CBD(1), Waterloo(1)",0.246,21.6,20.9,54.0,174.3,2.9
Z0670,18,-33.890563,151.215593,Surry Hills,"Surry Hills(12), Waterloo(3), Paddington(2), Darlinghurst(1)",0.276,22.5,22.8,55.5,148.7,2.5
Z0671,17,-33.875593,151.222369,Darlinghurst,"Darlinghurst(6), Sydney CBD(4), Paddington(4), Surry Hills(3)",0.146,16.3,16.7,29.3,109.3,1.8
Z0672,23,-33.874572,151.223714,Darlinghurst,"Darlinghurst(16), Paddington(3), Surry Hills(2), Sydney CBD(2)",0.199,16.5,15.7,31.6,111.0,1.9
Z0673,21,-33.885018,151.206095,Surry Hills,"Surry Hills(11), Sydney CBD(5), Darlinghurst(3), Paddington(1), Alexandria(1)",0.246,22.6,24.6,39.9,154.4,2.6
Z0674,15,-33.876288,151.209879,Sydney CBD,"Sydney CBD(6), Darlinghurst(5), Surry Hills(4)",0.25,17.0,16.2,36.9,118.5,2.0
Z0675,25,-33.864198,151.202141,Sydney CBD,"Sydney CBD(18), Glebe(3), Surry Hills(2), Darlinghurst(2)",0.369,33.3,31.2,73.5,309.0,5.2
Z0676,18,-33.874125,151.221733,Darlinghurst,"Darlinghurst(11), Sydney CBD(3), Surry Hills(2), Paddington(2)",0.191,19.8,20.8,39.0,136.5,2.3
Z0677,18,-33.848489,151.213617,Sydney CBD,Sydney CBD(18),0.514,56.8,44.4,142.5,529.4,8.8
Z0678,17,-33.893013,151.197211,Waterloo,"Waterloo(6), Surry Hills(5), Alexandria(4), Sydney CBD(1), Glebe(1)",0.202,18.1,15.1,41.2,155.4,2.6
Z0679,18,-33.893792,151.19894,Surry Hills,"Surry Hills(6), Waterloo(6), Alexandria(3), Glebe(2), Sydney CBD(1)",0.265,21.7,21.7,47.6,178.2,3.0
Z0680,18,-33.87933,151.221678,Darlinghurst,"Darlinghurst(9), Paddington(8), Sydney CBD(1)",0.211,17.9,18.0,35.2,117.6,2.0
Z0681,22,-33.878578,151.223072,Darlinghurst,"Darlinghurst(11), Sydney CBD(5), Surry Hills(3), Paddington(3)",0.174,14.7,13.1,30.9,112.6,1.9
Z0682,22,-33.877179,151.214481,Darlinghurst,"Darlinghurst(14), Sydney CBD(6), Surry Hills(2)",0.232,19.5,17.5,37.9,182.3,3.0
Z0683,23,-33.886433,151.199977,Surry Hills,"Surry Hills(17), Waterloo(3), Sydney CBD(2), Glebe(1)",0.258,22.9,22.1,46.8,165.8,2.8
Z0684,24,-33.868339,151.237737,Double Bay,"Double Bay(10), Darlinghurst(6), Sydney CBD(4), Paddington(4)",0.641,46.0,43.8,105.6,340.5,5.7
Z0685,20,-33.912523,151.192108,Alexandria,"Alexandria(18), Waterloo(2)",0.242,21.6,21.7,39.5,174.3,2.9
Z0686,23,-33.892076,151.201371,Surry Hills,"Surry Hills(11), Waterloo(10), Sydney CBD(1), Alexandria(1)",0.223,16.9,16.3,37.0,112.0,1.9
Z0687,15,-33.890594,151.2008,Surry Hills,"Surry Hills(9), Waterloo(5), Alexandria(1)",0.207,17.8,16.7,39.7,123.4,2.1
Z0688,24,-33.865973,151.217766,Sydney CBD,"Sydney CBD(16), Darlinghurst(8)",0.259,23.4,22.8,58.0,235.5,3.9
Z0689,15,-33.86992,151.216874,Sydney CBD,"Sydney CBD(9), Darlinghurst(5), Surry Hills(1)",0.963,64.1,63.8,166.2,315.2,5.3
Z0690,15,-33.867847,151.218098,Sydney CBD,"Sydney CBD(8), Darlinghurst(4), Paddington(2), Surry Hills(1)",0.302,24.9,21.1,51.1,185.1,3.1
Z0691,16,-33.885094,151.197439,Glebe,"Glebe(7), Surry Hills(6), Sydney CBD(3)",0.405,35.9,32.6,71.4,203.0,3.4
Z0692,15,-33.889674,151.227134,Paddington,"Paddington(9), Surry Hills(3), Sydney CBD(2), Darlinghurst(1)",0.214,18.3,18.9,40.1,160.2,2.7
Z0693,20,-33.880377,151.232329,Paddington,"Paddington(11), Darlinghurst(7), Sydney CBD(1), Double Bay(1)",0.188,20.3,19.4,38.2,152.9,2.5
Z0694,15,-33.881409,151.234284,Darlinghurst,"Darlinghurst(7), Double Bay(4), Paddington(3), Surry Hills(1)",0.26,32.8,31.1,67.2,195.5,3.3
